"ALEXANDER, William Vollie (Bill), Jr.",http://bioguide.congress.gov/scripts/biodisplay.pl?index=A000103,1934- ,Representative,Democrat,AR,96(1979-1980),B.A.,Rhodes College,1957," Memphis, Tenn."
"ALEXANDER, William Vollie (Bill), Jr.",http://bioguide.congress.gov/scripts/biodisplay.pl?index=A000103,1934- ,Representative,Democrat,AR,96(1979-1980),LL.B.,Vanderbilt University,1960," Nashville, Tenn."
"AMBRO, Jerome Anthony, Jr.",http://bioguide.congress.gov/scripts/biodisplay.pl?index=A000170,1928-1993,Representative,Democrat,NY,96(1979-1980),B.A.,New York University,1955,None
"ANDERSON, Glenn Malcolm",http://bioguide.congress.gov/scripts/biodisplay.pl?index=A000189,1913-1994,Representative,Democrat,CA,96(1979-1980),B.A.,University of California,1936," Los Angeles, Calif."
"ANDERSON, John Bayard",http://bioguide.congress.gov/scripts/biodisplay.pl?index=A000195,1922- ,Representative,Republican,IL,96(1979-1980),A.B.,University of Illinois,1942," Urbana, Ill."
"ANDERSON, John Bayard",http://bioguide.congress.gov/scripts/biodisplay.pl?index=A000195,1922- ,Representative,Republican,IL,96(1979-1980),LL.M.,Harvard University Law School,1949," Cambridge, Mass."
"ANDREWS, Ike Franklin",http://bioguide.congress.gov/scripts/biodisplay.pl?index=A000207,1925-2010,Representative,Democrat,NC,96(1979-1980),B.S.,University of North Carolina,1950, Chapel Hill
"ANDREWS, Ike Franklin",http://bioguide.congress.gov/scripts/biodisplay.pl?index=A000207,1925-2010,Representative,Democrat,NC,96(1979-1980),LL.B.,same university,1952,None
"ANNUNZIO, Frank",http://bioguide.congress.gov/scripts/biodisplay.pl?index=A000212,1915-2001,Representative,Democrat,IL,96(1979-1980),B.S.,DePaul University,1940," Chicago, Ill."
"ANNUNZIO, Frank",http://bioguide.congress.gov/scripts/biodisplay.pl?index=A000212,1915-2001,Representative,Democrat,IL,96(1979-1980),M.A.,DePaul University,1942," Chicago, Ill."
"ANTHONY, Beryl Franklin, Jr.",http://bioguide.congress.gov/scripts/biodisplay.pl?index=A000213,1938- ,Representative,Democrat,AR,96(1979-1980),J.D.,same university,1963,None
"ASPIN, Leslie",http://bioguide.congress.gov/scripts/biodisplay.pl?index=A000224,1938-1995,Representative,Democrat,WI,96(1979-1980),B.A.,Yale University,1960,None
"ASPIN, Leslie",http://bioguide.congress.gov/scripts/biodisplay.pl?index=A000224,1938-1995,Representative,Democrat,WI,96(1979-1980),M.A.,Oxford University,1962, England
"ASPIN, Leslie",http://bioguide.congress.gov/scripts/biodisplay.pl?index=A000224,1938-1995,Representative,Democrat,WI,96(1979-1980),Ph.D.,economics,1965, Massachusetts Institute of Technology
"AuCOIN, Les",http://bioguide.congress.gov/scripts/biodisplay.pl?index=A000337,1942- ,Representative,Democrat,OR,96(1979-1980),B.A.,Pacific University,1969, Forest Grove
"BAILEY, Donald Allen",http://bioguide.congress.gov/scripts/biodisplay.pl?index=B000037,1945- ,Representative,Democrat,PA,96(1979-1980),B.A.,University of Michigan,1967," Ann Arbor, Mich."
"BAILEY, Donald Allen",http://bioguide.congress.gov/scripts/biodisplay.pl?index=B000037,1945- ,Representative,Democrat,PA,96(1979-1980),J.D.,Duquesne University School of Law,1976," Pittsburgh, Pa."
"BARNARD, Druie Douglas, Jr.",http://bioguide.congress.gov/scripts/biodisplay.pl?index=B000153,1922- ,Representative,Democrat,GA,96(1979-1980),A.B.,Mercer University,1943," Macon, Ga."
"BARNES, Michael Darr",http://bioguide.congress.gov/scripts/biodisplay.pl?index=B000160,1943- ,Representative,Democrat,MD,96(1979-1980),B.A.,University of North Carolina,1965," Chapel Hill, N.C."
"BARNES, Michael Darr",http://bioguide.congress.gov/scripts/biodisplay.pl?index=B000160,1943- ,Representative,Democrat,MD,96(1979-1980),J.D.,George Washington University,1972," Washington, D.C."
"BAUMAN, Robert Edmund",http://bioguide.congress.gov/scripts/biodisplay.pl?index=B000244,1937- ,Representative,Republican,MD,96(1979-1980),B.S.,international affairs,1959," School of Foreign Service, Georgetown University, Washington, D.C."
"BAUMAN, Robert Edmund",http://bioguide.congress.gov/scripts/biodisplay.pl?index=B000244,1937- ,Representative,Republican,MD,96(1979-1980),J.D.,Georgetown University Law Center,1964," Washington, D.C."
"BEARD, Robin Leo, Jr.",http://bioguide.congress.gov/scripts/biodisplay.pl?index=B000280,1939-2007,Representative,Republican,TN,96(1979-1980),B.A.,Vanderbilt University,1961," Nashville, Tenn."
"BEILENSON, Anthony Charles",http://bioguide.congress.gov/scripts/biodisplay.pl?index=B000318,1932- ,Representative,Democrat,CA,96(1979-1980),B.A.,Harvard University,1954,None
"BEILENSON, Anthony Charles",http://bioguide.congress.gov/scripts/biodisplay.pl?index=B000318,1932- ,Representative,Democrat,CA,96(1979-1980),LL.B.,Harvard Law School,1957,None
"BENNETT, Charles Edward",http://bioguide.congress.gov/scripts/biodisplay.pl?index=B000371,1910-2003,Representative,Democrat,FL,96(1979-1980),J.D.,University of Florida,1934," Gainesville, Fla."
"BEREUTER, Douglas Kent",http://bioguide.congress.gov/scripts/biodisplay.pl?index=B000403,1939- ,Representative,Republican,NE,96(1979-1980),B.A.,University of Nebraska,1961," Lincoln, Nebr."
"BEREUTER, Douglas Kent",http://bioguide.congress.gov/scripts/biodisplay.pl?index=B000403,1939- ,Representative,Republican,NE,96(1979-1980),M.C.P.,Harvard University,1966," Cambridge, Mass."
"BEREUTER, Douglas Kent",http://bioguide.congress.gov/scripts/biodisplay.pl?index=B000403,1939- ,Representative,Republican,NE,96(1979-1980),M.P.A.,Harvard University,1973," Cambridge, Mass."
"BIAGGI, Mario",http://bioguide.congress.gov/scripts/biodisplay.pl?index=B000432,1917- ,Representative,Democrat,NY,96(1979-1980),LL.B.,New York Law School,1963,None
"BLANCHARD, James Johnston",http://bioguide.congress.gov/scripts/biodisplay.pl?index=B000538,1942- ,Representative,Democrat,MI,96(1979-1980),B.A.,Michigan State University,1964, East Lansing
"BLANCHARD, James Johnston",http://bioguide.congress.gov/scripts/biodisplay.pl?index=B000538,1942- ,Representative,Democrat,MI,96(1979-1980),M.B.A.,Michigan State University,1965,None
"BLANCHARD, James Johnston",http://bioguide.congress.gov/scripts/biodisplay.pl?index=B000538,1942- ,Representative,Democrat,MI,96(1979-1980),J.D.,University of Minnesota Law School,1968, Minneapolis
"BOGGS, Corinne Claiborne (Lindy)",http://bioguide.congress.gov/scripts/biodisplay.pl?index=B000592,1916-2013,Representative,Democrat,LA,96(1979-1980),B.A.,Sophie Newcomb College,1935," Tulane University, New Orleans, La."
"BOLLING, Richard Walker",http://bioguide.congress.gov/scripts/biodisplay.pl?index=B000605,1916-1991,Representative,Democrat,MO,96(1979-1980),B.A.,1937,1939, M.A.
"BONER, William Hill",http://bioguide.congress.gov/scripts/biodisplay.pl?index=B000615,1945- ,Representative,Democrat,TN,96(1979-1980),B.S.,Middle Tennessee State University,1967, Murfreesboro
"BONER, William Hill",http://bioguide.congress.gov/scripts/biodisplay.pl?index=B000615,1945- ,Representative,Democrat,TN,96(1979-1980),M.A.,George Peabody College,1969, Nashville
"BONER, William Hill",http://bioguide.congress.gov/scripts/biodisplay.pl?index=B000615,1945- ,Representative,Democrat,TN,96(1979-1980),J.D.,YMCA Night Law School,1978, Nashville
"BONIOR, David Edward",http://bioguide.congress.gov/scripts/biodisplay.pl?index=B000619,1945- ,Representative,Democrat,MI,96(1979-1980),B.A.,University of Iowa,1967, Iowa City
"BONIOR, David Edward",http://bioguide.congress.gov/scripts/biodisplay.pl?index=B000619,1945- ,Representative,Democrat,MI,96(1979-1980),M.A.,Chapman College,1972," Orange, Calif."
"BONKER, Don Leroy",http://bioguide.congress.gov/scripts/biodisplay.pl?index=B000620,1937- ,Representative,Democrat,WA,96(1979-1980),A.A.,Clark College,1962," Vancouver, Wash."
"BONKER, Don Leroy",http://bioguide.congress.gov/scripts/biodisplay.pl?index=B000620,1937- ,Representative,Democrat,WA,96(1979-1980),B.A.,Lewis and Clark College,1964," Portland, Oreg."
"BOWEN, David Reece",http://bioguide.congress.gov/scripts/biodisplay.pl?index=B000682,1932- ,Representative,Democrat,MS,96(1979-1980),A.B.,Harvard University,1954,None
"BOWEN, David Reece",http://bioguide.congress.gov/scripts/biodisplay.pl?index=B000682,1932- ,Representative,Democrat,MS,96(1979-1980),M.A.,Oxford University,1956," Oxford, England"
"BRODHEAD, William McNulty",http://bioguide.congress.gov/scripts/biodisplay.pl?index=B000862,1941- ,Representative,Democrat,MI,96(1979-1980),A.B.,Wayne State University,1965," Detroit, Mich."
"BRODHEAD, William McNulty",http://bioguide.congress.gov/scripts/biodisplay.pl?index=B000862,1941- ,Representative,Democrat,MI,96(1979-1980),J.D.,University of Michigan Law School,1967," Ann Arbor, Mich."
"BROWN, Clarence J., Jr.",http://bioguide.congress.gov/scripts/biodisplay.pl?index=B000910,1927- ,Representative,Republican,OH,96(1979-1980),B.A.,Duke University,1947," Durham, N.C."
"BURLISON, Bill D.",http://bioguide.congress.gov/scripts/biodisplay.pl?index=B001113,1931- ,Representative,Democrat,MO,96(1979-1980),B.A.,Southeast Missouri State University,1953,None
"BURLISON, Bill D.",http://bioguide.congress.gov/scripts/biodisplay.pl?index=B001113,1931- ,Representative,Democrat,MO,96(1979-1980),B.S.,same university,1959,None
"BURTON, John Lowell",http://bioguide.congress.gov/scripts/biodisplay.pl?index=B001153,1932- ,Representative,Democrat,CA,96(1979-1980),A.B.,San Francisco State College,1954," San Francisco, Calif."
"BURTON, John Lowell",http://bioguide.congress.gov/scripts/biodisplay.pl?index=B001153,1932- ,Representative,Democrat,CA,96(1979-1980),LL.B.,University of San Francisco Law School,1960," San Francisco, Calif."
"BURTON, Phillip",http://bioguide.congress.gov/scripts/biodisplay.pl?index=B001156,1926-1983,Representative,Democrat,CA,96(1979-1980),B.A.,University of Southern California,1947," Los Angeles, Calif."
"BURTON, Phillip",http://bioguide.congress.gov/scripts/biodisplay.pl?index=B001156,1926-1983,Representative,Democrat,CA,96(1979-1980),LL.B.,Golden Gate Law School,1952," San Francisco, Calif."
"BUTLER, Manley Caldwell",http://bioguide.congress.gov/scripts/biodisplay.pl?index=B001182,1925-2014,Representative,Republican,VA,96(1979-1980),LL.B.,University of Virginia Law School,1950, Charlottesville
"CARR, Milton Robert (Bob)",http://bioguide.congress.gov/scripts/biodisplay.pl?index=C000178,1943- ,Representative,Democrat,MI,96(1979-1980),B.S.,University of Wisconsin,1965, Madison
"CARR, Milton Robert (Bob)",http://bioguide.congress.gov/scripts/biodisplay.pl?index=C000178,1943- ,Representative,Democrat,MI,96(1979-1980),J.D.,University of Wisconsin Law School,1968, Madison
"CHISHOLM, Shirley Anita",http://bioguide.congress.gov/scripts/biodisplay.pl?index=C000371,1924-2005,Representative,Democrat,NY,96(1979-1980),B.A.,Brooklyn College,1946,None
"CHISHOLM, Shirley Anita",http://bioguide.congress.gov/scripts/biodisplay.pl?index=C000371,1924-2005,Representative,Democrat,NY,96(1979-1980),M.A.,Columbia University,1952,None
"COELHO, Tony",http://bioguide.congress.gov/scripts/biodisplay.pl?index=C000581,1942- ,Representative,Democrat,CA,96(1979-1980),B.A.,Loyola University,1964, Los Angeles
"COLEMAN, Earl Thomas",http://bioguide.congress.gov/scripts/biodisplay.pl?index=C000618,1943- ,Representative,Republican,MO,96(1979-1980),B.A.,William Jewell College,1965," Liberty, Mo."
"COLEMAN, Earl Thomas",http://bioguide.congress.gov/scripts/biodisplay.pl?index=C000618,1943- ,Representative,Republican,MO,96(1979-1980),M.P.A.,New York University,1969," New York, N.Y."
"COLEMAN, Earl Thomas",http://bioguide.congress.gov/scripts/biodisplay.pl?index=C000618,1943- ,Representative,Republican,MO,96(1979-1980),J.D.,Washington University,1969," St. Louis, Mo."
"COLLINS, James Mitchell",http://bioguide.congress.gov/scripts/biodisplay.pl?index=C000638,1916-1989,Representative,Republican,TX,96(1979-1980),B.S.C.,Southern Methodist University,1937," Dallas, Tex.."
"COLLINS, James Mitchell",http://bioguide.congress.gov/scripts/biodisplay.pl?index=C000638,1916-1989,Representative,Republican,TX,96(1979-1980),M.B.A.,Northwestern University,1938," Evanston, Ill."
"COLLINS, James Mitchell",http://bioguide.congress.gov/scripts/biodisplay.pl?index=C000638,1916-1989,Representative,Republican,TX,96(1979-1980),C.L.U.,American College,1940,None
"COLLINS, James Mitchell",http://bioguide.congress.gov/scripts/biodisplay.pl?index=C000638,1916-1989,Representative,Republican,TX,96(1979-1980),M.B.A.,Harvard Business School,1943," Cambridge, Mass."
"CONTE, Silvio Ottavio",http://bioguide.congress.gov/scripts/biodisplay.pl?index=C000709,1921-1991,Representative,Republican,MA,96(1979-1980),LL.B.,Boston College Law School,1949," Chestnut Hill, Mass."
"CONYERS, John, Jr.",http://bioguide.congress.gov/scripts/biodisplay.pl?index=C000714,1929- ,Representative,Democrat,MI,96(1979-1980),B.A.,Wayne State University,1957," Detroit, Mich."
"CONYERS, John, Jr.",http://bioguide.congress.gov/scripts/biodisplay.pl?index=C000714,1929- ,Representative,Democrat,MI,96(1979-1980),LL.B.,Wayne State Law School,1958," Detroit, Mich."
"CORCORAN, Thomas Joseph",http://bioguide.congress.gov/scripts/biodisplay.pl?index=C000773,1939- ,Representative,Republican,IL,96(1979-1980),B.A.,University of Notre Dame,1961," South Bend, Ind."
"CORRADA-del RÍO, Baltasar",http://bioguide.congress.gov/scripts/biodisplay.pl?index=C000788,1935- ,Resident Commissioner,New Progressive,PR,96(1979-1980),B.A.,University of Puerto Rico,1956,None
"CORRADA-del RÍO, Baltasar",http://bioguide.congress.gov/scripts/biodisplay.pl?index=C000788,1935- ,Resident Commissioner,New Progressive,PR,96(1979-1980),J.D.,University of Puerto Rico Law School,1959,None
"COTTER, William Ross",http://bioguide.congress.gov/scripts/biodisplay.pl?index=C000799,1926-1981,Representative,Democrat,CT,96(1979-1980),B.A.,Trinity College,1949," Hartford, Conn."
"COUGHLIN, Robert Lawrence",http://bioguide.congress.gov/scripts/biodisplay.pl?index=C000807,1929-2001,Representative,Republican,PA,96(1979-1980),A.B.,Yale University,1950," New Haven, Conn."
"COUGHLIN, Robert Lawrence",http://bioguide.congress.gov/scripts/biodisplay.pl?index=C000807,1929-2001,Representative,Republican,PA,96(1979-1980),M.B.A.,Harvard University,1954," Cambridge, Mass."
"COUGHLIN, Robert Lawrence",http://bioguide.congress.gov/scripts/biodisplay.pl?index=C000807,1929-2001,Representative,Republican,PA,96(1979-1980),LL.B.,Temple University Evening Law School,1958," Philadelphia, Pa."
"COURTER, James Andrew",http://bioguide.congress.gov/scripts/biodisplay.pl?index=C000809,1941- ,Representative,Republican,NJ,96(1979-1980),B.A.,Colgate University,1963," Hamilton, N.Y."
"COURTER, James Andrew",http://bioguide.congress.gov/scripts/biodisplay.pl?index=C000809,1941- ,Representative,Republican,NJ,96(1979-1980),J.D.,Duke University Law School,1966," Durham, N.C."
"CRANE, Daniel Bever",http://bioguide.congress.gov/scripts/biodisplay.pl?index=C000871,1936- ,Representative,Republican,IL,96(1979-1980),A.B.,Hillsdale College,1958,None
"CRANE, Daniel Bever",http://bioguide.congress.gov/scripts/biodisplay.pl?index=C000871,1936- ,Representative,Republican,IL,96(1979-1980),D.D.S.,Indiana University,1963,None
"CRANE, Philip Miller",http://bioguide.congress.gov/scripts/biodisplay.pl?index=C000873,1930-2014,Representative,Republican,IL,96(1979-1980),B.A.,Hillsdale College,1952," Hillsdale, Mich."
"CRANE, Philip Miller",http://bioguide.congress.gov/scripts/biodisplay.pl?index=C000873,1930-2014,Representative,Republican,IL,96(1979-1980),M.A.,Indiana University,1961," Bloomington, Ind."
"CRANE, Philip Miller",http://bioguide.congress.gov/scripts/biodisplay.pl?index=C000873,1930-2014,Representative,Republican,IL,96(1979-1980),Ph.D.,Indiana University,1963," Bloomington, Ind."
"CROCKETT, George William, Jr.",http://bioguide.congress.gov/scripts/biodisplay.pl?index=C000919,1909-1997,Representative,Democrat,MI,96(1979-1980),A.B.,Morehouse College,1931," Atlanta, Ga."
"CROCKETT, George William, Jr.",http://bioguide.congress.gov/scripts/biodisplay.pl?index=C000919,1909-1997,Representative,Democrat,MI,96(1979-1980),J.D.,University of Michigan Law School,1934, Ann Arbor
"DANIEL, Robert Williams, Jr.",http://bioguide.congress.gov/scripts/biodisplay.pl?index=D000037,1936-2012,Representative,Republican,VA,96(1979-1980),B.A.,University of Virginia,1954-1958," Charlottesville, Va."
"DANIEL, Robert Williams, Jr.",http://bioguide.congress.gov/scripts/biodisplay.pl?index=D000037,1936-2012,Representative,Republican,VA,96(1979-1980),M.B.A.,Columbia University,1960-1961," New York, N.Y."
"DANIELSON, George Elmore",http://bioguide.congress.gov/scripts/biodisplay.pl?index=D000043,1915-1998,Representative,Democrat,CA,96(1979-1980),B.A.,University of Nebraska,1937,None
"DAVIS, Mendel Jackson",http://bioguide.congress.gov/scripts/biodisplay.pl?index=D000125,1942-2007,Representative,Democrat,SC,96(1979-1980),B.S.,College of Charleston,1966,None
"DAVIS, Mendel Jackson",http://bioguide.congress.gov/scripts/biodisplay.pl?index=D000125,1942-2007,Representative,Democrat,SC,96(1979-1980),J.D.,University of South Carolina School of Law,1970,None
"DAVIS, Robert William",http://bioguide.congress.gov/scripts/biodisplay.pl?index=D000131,1932-2009,Representative,Republican,MI,96(1979-1980),B.S.,College of Mortuary Science,1954, Wayne State University
"DELLUMS, Ronald V.",http://bioguide.congress.gov/scripts/biodisplay.pl?index=D000222,1935- ,Representative,Democrat,CA,96(1979-1980),A.A.,Oakland City College,1958,None
"DELLUMS, Ronald V.",http://bioguide.congress.gov/scripts/biodisplay.pl?index=D000222,1935- ,Representative,Democrat,CA,96(1979-1980),B.A.,San Francisco State College,1960,None
"DELLUMS, Ronald V.",http://bioguide.congress.gov/scripts/biodisplay.pl?index=D000222,1935- ,Representative,Democrat,CA,96(1979-1980),M.S.W.,University of California,1962,None
"DERRICK, Butler Carson, Jr.",http://bioguide.congress.gov/scripts/biodisplay.pl?index=D000267,1936-2014,Representative,Democrat,SC,96(1979-1980),LL.B.,University of Georgia Law School,1965,None
"DERWINSKI, Edward Joseph",http://bioguide.congress.gov/scripts/biodisplay.pl?index=D000269,1926-2012,Representative,Republican,IL,96(1979-1980),B.S.,Loyola University,1951," Chicago, Ill."
"DICKS, Norman DeValois",http://bioguide.congress.gov/scripts/biodisplay.pl?index=D000327,1940- ,Representative,Democrat,WA,96(1979-1980),B.A.,University of Washington,1963," Seattle, Wash."
"DICKS, Norman DeValois",http://bioguide.congress.gov/scripts/biodisplay.pl?index=D000327,1940- ,Representative,Democrat,WA,96(1979-1980),J.D.,University of Washington School of Law,1968," Seattle, Wash."
"DINGELL, John David, Jr.",http://bioguide.congress.gov/scripts/biodisplay.pl?index=D000355,1926- ,Representative,Democrat,MI,96(1979-1980),B.S.,Georgetown University,1949," Washington, D.C."
"DINGELL, John David, Jr.",http://bioguide.congress.gov/scripts/biodisplay.pl?index=D000355,1926- ,Representative,Democrat,MI,96(1979-1980),J.D.,Georgetown University Law School,1952," Washington, D.C."
"DIXON, Julian Carey",http://bioguide.congress.gov/scripts/biodisplay.pl?index=D000373,1934-2000,Representative,Democrat,CA,96(1979-1980),B.S.,Los Angeles State College,1962,None
"DIXON, Julian Carey",http://bioguide.congress.gov/scripts/biodisplay.pl?index=D000373,1934-2000,Representative,Democrat,CA,96(1979-1980),LL.B.,Southwestern University,1967, Los Angeles
"DONNELLY, Brian Joseph",http://bioguide.congress.gov/scripts/biodisplay.pl?index=D000416,1946- ,Representative,Democrat,MA,96(1979-1980),B.S.,Boston University,1970,None
"DOWNEY, Thomas Joseph",http://bioguide.congress.gov/scripts/biodisplay.pl?index=D000471,1949- ,Representative,Democrat,NY,96(1979-1980),B.S.,Cornell University,1970,None
"DOWNEY, Thomas Joseph",http://bioguide.congress.gov/scripts/biodisplay.pl?index=D000471,1949- ,Representative,Democrat,NY,96(1979-1980),J.D.,American University,1980,None
"DUNCAN, John James",http://bioguide.congress.gov/scripts/biodisplay.pl?index=D000534,1919-1988,Representative,Republican,TN,96(1979-1980),B.S.,University of Tennessee,1942," Knoxville, Tenn."
"DUNCAN, John James",http://bioguide.congress.gov/scripts/biodisplay.pl?index=D000534,1919-1988,Representative,Republican,TN,96(1979-1980),L.L.B.,Cumberland University,1947," Lebanon, Tenn."
"DUNCAN, Robert Blackford",http://bioguide.congress.gov/scripts/biodisplay.pl?index=D000537,1920-2011,Representative,Democrat,OR,96(1979-1980),B.A.,Illinois Wesleyan University,1942," Bloomington, Ill."
"DUNCAN, Robert Blackford",http://bioguide.congress.gov/scripts/biodisplay.pl?index=D000537,1920-2011,Representative,Democrat,OR,96(1979-1980),LL.B.,University of Michigan Law School,1948," Ann Arbor, Mich."
"EARLY, Joseph Daniel",http://bioguide.congress.gov/scripts/biodisplay.pl?index=E000013,1933-2012,Representative,Democrat,MA,96(1979-1980),B.S.,College of the Holy Cross,1955, Worcester
"ECKHARDT, Robert Christian",http://bioguide.congress.gov/scripts/biodisplay.pl?index=E000035,1913-2001,Representative,Democrat,TX,96(1979-1980),B.A.,University of Texas,1935,None
"ECKHARDT, Robert Christian",http://bioguide.congress.gov/scripts/biodisplay.pl?index=E000035,1913-2001,Representative,Democrat,TX,96(1979-1980),LL.B.,University of Texas,1939,None
"EDGAR, Robert William",http://bioguide.congress.gov/scripts/biodisplay.pl?index=E000043,1943-2013,Representative,Democrat,PA,96(1979-1980),B.A.,Lycoming College,1965," Williamsport, Pa."
"EDWARDS, Marvin Henry (Mickey)",http://bioguide.congress.gov/scripts/biodisplay.pl?index=E000077,1937- ,Representative,Republican,OK,96(1979-1980),B.A.,University of Oklahoma,1958,None
"EDWARDS, Marvin Henry (Mickey)",http://bioguide.congress.gov/scripts/biodisplay.pl?index=E000077,1937- ,Representative,Republican,OK,96(1979-1980),J.D.,Oklahoma City University Law School,1969,None
"EDWARDS, William Donlon (Don)",http://bioguide.congress.gov/scripts/biodisplay.pl?index=E000064,1915- ,Representative,Democrat,CA,96(1979-1980),B.A.,Stanford University,1936,None
"EDWARDS, William Jackson (Jack)",http://bioguide.congress.gov/scripts/biodisplay.pl?index=E000084,1928- ,Representative,Republican,AL,96(1979-1980),B.S.,University of Alabama,1952," University, Ala."
"EDWARDS, William Jackson (Jack)",http://bioguide.congress.gov/scripts/biodisplay.pl?index=E000084,1928- ,Representative,Republican,AL,96(1979-1980),LL.B.,University of Alabama,1954," University, Ala."
"ENGLISH, Glenn Lee, Jr.",http://bioguide.congress.gov/scripts/biodisplay.pl?index=E000184,1940- ,Representative,Democrat,OK,96(1979-1980),B.A.,Southwestern State College,1960-1964," Weatherford, Okla."
"ERDAHL, Arlen Ingolf",http://bioguide.congress.gov/scripts/biodisplay.pl?index=E000198,1931- ,Representative,Republican,MN,96(1979-1980),M.P.A.,Harvard University,1966,None
"ERLENBORN, John Neal",http://bioguide.congress.gov/scripts/biodisplay.pl?index=E000204,1927-2005,Representative,Republican,IL,96(1979-1980),J.D.,Loyola University Law School,1949," Chicago, Ill."
"ERTEL, Allen Edward",http://bioguide.congress.gov/scripts/biodisplay.pl?index=E000208,1937- ,Representative,Democrat,PA,96(1979-1980),B.A.,Dartmouth College,1958,None
"ERTEL, Allen Edward",http://bioguide.congress.gov/scripts/biodisplay.pl?index=E000208,1937- ,Representative,Democrat,PA,96(1979-1980),M.S.,Thayer School of Engineering and Amos Tuck School of Business Administration,1959,None
"ERTEL, Allen Edward",http://bioguide.congress.gov/scripts/biodisplay.pl?index=E000208,1937- ,Representative,Democrat,PA,96(1979-1980),LL.B.,Yale University School of Law,1965,None
"EVANS, Billy Lee",http://bioguide.congress.gov/scripts/biodisplay.pl?index=E000233,1941- ,Representative,Democrat,GA,96(1979-1980),A.B.,1963,1965, LL.B.
"EVANS, Melvin Herbert",http://bioguide.congress.gov/scripts/biodisplay.pl?index=E000254,1917-1984,Delegate,Republican,VI,96(1979-1980),B.S.,Howard University,1940," Washington, D.C."
"EVANS, Melvin Herbert",http://bioguide.congress.gov/scripts/biodisplay.pl?index=E000254,1917-1984,Delegate,Republican,VI,96(1979-1980),M.D.,Howard University College of Medicine,1944,None
"EVANS, Melvin Herbert",http://bioguide.congress.gov/scripts/biodisplay.pl?index=E000254,1917-1984,Delegate,Republican,VI,96(1979-1980),M.P.H.,University of California,1967," Berkeley, Calif."
"EVANS, Thomas Beverley, Jr.",http://bioguide.congress.gov/scripts/biodisplay.pl?index=E000258,1931- ,Representative,Republican,DE,96(1979-1980),B.A.,1953,1956, LL.B.
"FAUNTROY, Walter Edward",http://bioguide.congress.gov/scripts/biodisplay.pl?index=F000046,1933- ,Delegate,Democrat,DC,96(1979-1980),B.A.,Virginia Union University,1955," Richmond, Va."
"FAUNTROY, Walter Edward",http://bioguide.congress.gov/scripts/biodisplay.pl?index=F000046,1933- ,Delegate,Democrat,DC,96(1979-1980),B.D.,Yale University Divinity School,1958,None
"FAZIO, Victor Herbert, Jr.",http://bioguide.congress.gov/scripts/biodisplay.pl?index=F000053,1942- ,Representative,Democrat,CA,96(1979-1980),B.A.,Union College,1965," Schenectady, N.Y."
"FERRARO, Geraldine Anne",http://bioguide.congress.gov/scripts/biodisplay.pl?index=F000088,1935-2011,Representative,Democrat,NY,96(1979-1980),B.A.,Marymount College,1956," New York, N.Y."
"FERRARO, Geraldine Anne",http://bioguide.congress.gov/scripts/biodisplay.pl?index=F000088,1935-2011,Representative,Democrat,NY,96(1979-1980),J.D.,Fordham University School of Law,1960," New York, N.Y."
"FINDLEY, Paul",http://bioguide.congress.gov/scripts/biodisplay.pl?index=F000123,1921- ,Representative,Republican,IL,96(1979-1980),B.A.,Illinois College at Jacksonville,1943,None
"FISH, Hamilton, Jr.",http://bioguide.congress.gov/scripts/biodisplay.pl?index=F000141,1926-1996,Representative,Republican,NY,96(1979-1980),LL.B.,New York University School of Law,1957,None
"FISHER, Joseph Lyman",http://bioguide.congress.gov/scripts/biodisplay.pl?index=F000151,1914-1992,Representative,Democrat,VA,96(1979-1980),B.S.,Bowdoin College,1935," Brunswick, Maine"
"FISHER, Joseph Lyman",http://bioguide.congress.gov/scripts/biodisplay.pl?index=F000151,1914-1992,Representative,Democrat,VA,96(1979-1980),Ph.D.,economics,1947, Harvard University
"FISHER, Joseph Lyman",http://bioguide.congress.gov/scripts/biodisplay.pl?index=F000151,1914-1992,Representative,Democrat,VA,96(1979-1980),M.A.,education,1951," George Washington University, Washington, D.C."
"FITHIAN, Floyd James",http://bioguide.congress.gov/scripts/biodisplay.pl?index=F000161,1928-2003,Representative,Democrat,IN,96(1979-1980),B.A.,Peru State College,1951," Peru, Nebr."
"FITHIAN, Floyd James",http://bioguide.congress.gov/scripts/biodisplay.pl?index=F000161,1928-2003,Representative,Democrat,IN,96(1979-1980),M.A.,University of Nebraska,1955,None
"FITHIAN, Floyd James",http://bioguide.congress.gov/scripts/biodisplay.pl?index=F000161,1928-2003,Representative,Democrat,IN,96(1979-1980),Ph.D.,University of Nebraska,1964,None
"FLIPPO, Ronnie Gene",http://bioguide.congress.gov/scripts/biodisplay.pl?index=F000208,1937- ,Representative,Democrat,AL,96(1979-1980),M.A.,University of Alabama,1966," Tuscaloosa, Ala."
"FLORIO, James Joseph",http://bioguide.congress.gov/scripts/biodisplay.pl?index=F000215,1937- ,Representative,Democrat,NJ,96(1979-1980),J.D.,Rutgers University Law School,1967,None
"FOLEY, Thomas Stephen",http://bioguide.congress.gov/scripts/biodisplay.pl?index=F000239,1929-2013,Representative,Democrat,WA,96(1979-1980),A.B.,University of Washington,1951," Seattle, Wash."
"FOLEY, Thomas Stephen",http://bioguide.congress.gov/scripts/biodisplay.pl?index=F000239,1929-2013,Representative,Democrat,WA,96(1979-1980),J.D.,University of Washington Law School,1957,None
"FORD, Harold Eugene",http://bioguide.congress.gov/scripts/biodisplay.pl?index=F000261,1945- ,Representative,Democrat,TN,96(1979-1980),B.S.,Tennessee State University,1967," Nashville, Tenn."
"FORD, Harold Eugene",http://bioguide.congress.gov/scripts/biodisplay.pl?index=F000261,1945- ,Representative,Democrat,TN,96(1979-1980),A.A.,mortuary science,1969, John Gupton College
"FORD, Harold Eugene",http://bioguide.congress.gov/scripts/biodisplay.pl?index=F000261,1945- ,Representative,Democrat,TN,96(1979-1980),M.B.A.,Howard University,1982," Washington, D.C."
"FORD, William David",http://bioguide.congress.gov/scripts/biodisplay.pl?index=F000270,1927-2004,Representative,Democrat,MI,96(1979-1980),B.A.,University of Denver,1949,None
"FORD, William David",http://bioguide.congress.gov/scripts/biodisplay.pl?index=F000270,1927-2004,Representative,Democrat,MI,96(1979-1980),LL.D.,University of Denver,1951,None
"FOUNTAIN, Lawrence H.",http://bioguide.congress.gov/scripts/biodisplay.pl?index=F000319,1913-2002,Representative,Democrat,NC,96(1979-1980),A.B.,University of North Carolina,1934," Chapel Hill, N.C."
"FOUNTAIN, Lawrence H.",http://bioguide.congress.gov/scripts/biodisplay.pl?index=F000319,1913-2002,Representative,Democrat,NC,96(1979-1980),J.D.,University of North Carolina,1936," Chapel Hill, N.C."
"FRENZEL, William Eldridge",http://bioguide.congress.gov/scripts/biodisplay.pl?index=F000380,1928-2014,Representative,Republican,MN,96(1979-1980),B.A.,Dartmouth College,1950," Hanover, N.H."
"FRENZEL, William Eldridge",http://bioguide.congress.gov/scripts/biodisplay.pl?index=F000380,1928-2014,Representative,Republican,MN,96(1979-1980),M.A.,Dartmouth College,1951," Hanover, N.H."
"FROST, Jonas Martin",http://bioguide.congress.gov/scripts/biodisplay.pl?index=F000392,1942- ,Representative,Democrat,TX,96(1979-1980),J.D.,Georgetown University Law Center,1970," Washington, D.C."
"GEPHARDT, Richard Andrew",http://bioguide.congress.gov/scripts/biodisplay.pl?index=G000132,1941- ,Representative,Democrat,MO,96(1979-1980),B.S.,Northwestern University,1962," Evanston, Ill."
"GEPHARDT, Richard Andrew",http://bioguide.congress.gov/scripts/biodisplay.pl?index=G000132,1941- ,Representative,Democrat,MO,96(1979-1980),J.D.,University of Michigan Law School,1965,None
"GIBBONS, Sam Melville",http://bioguide.congress.gov/scripts/biodisplay.pl?index=G000153,1920-2012,Representative,Democrat,FL,96(1979-1980),LL.B.,University of Florida,1947," Gainesville, Fla."
"GILMAN, Benjamin Arthur",http://bioguide.congress.gov/scripts/biodisplay.pl?index=G000212,1922- ,Representative,Republican,NY,96(1979-1980),B.S.,Wharton School of Business and Finance,1946," University of Pennsylvania, Philadelphia, Pa."
"GILMAN, Benjamin Arthur",http://bioguide.congress.gov/scripts/biodisplay.pl?index=G000212,1922- ,Representative,Republican,NY,96(1979-1980),LL.B.,New York Law School,1950," New York, N.Y."
"GINGRICH, Newton Leroy",http://bioguide.congress.gov/scripts/biodisplay.pl?index=G000225,1943- ,Representative,Republican,GA,96(1979-1980),B.A.,Emory University,1965," Atlanta, Ga."
"GINGRICH, Newton Leroy",http://bioguide.congress.gov/scripts/biodisplay.pl?index=G000225,1943- ,Representative,Republican,GA,96(1979-1980),M.A.,Tulane University,1968," New Orleans, La."
"GINGRICH, Newton Leroy",http://bioguide.congress.gov/scripts/biodisplay.pl?index=G000225,1943- ,Representative,Republican,GA,96(1979-1980),Ph.D.,same university,1971,None
"GLICKMAN, Daniel Robert",http://bioguide.congress.gov/scripts/biodisplay.pl?index=G000240,1944- ,Representative,Democrat,KS,96(1979-1980),B.A.,University of Michigan,1966," Ann Arbor, Mich."
"GLICKMAN, Daniel Robert",http://bioguide.congress.gov/scripts/biodisplay.pl?index=G000240,1944- ,Representative,Democrat,KS,96(1979-1980),J.D.,George Washington University,1969," Washington, D.C."
"GOODLING, William Franklin",http://bioguide.congress.gov/scripts/biodisplay.pl?index=G000291,1927- ,Representative,Republican,PA,96(1979-1980),B.S.,University of Maryland,1953,None
"GOODLING, William Franklin",http://bioguide.congress.gov/scripts/biodisplay.pl?index=G000291,1927- ,Representative,Republican,PA,96(1979-1980),M.Ed.,Western Maryland College,1957,None
"GRAY, William Herbert, III",http://bioguide.congress.gov/scripts/biodisplay.pl?index=G000402,1941-2013,Representative,Democrat,PA,96(1979-1980),B.A.,Franklin and Marshall College,1963," Lancaster, Pa."
"GRAY, William Herbert, III",http://bioguide.congress.gov/scripts/biodisplay.pl?index=G000402,1941-2013,Representative,Democrat,PA,96(1979-1980),Th.M.,Princeton Theological Seminary,1970, New Jersey
"GREEN, Sedgwick William (Bill)",http://bioguide.congress.gov/scripts/biodisplay.pl?index=G000417,1929-2002,Representative,Republican,NY,96(1979-1980),A.B.,Harvard College,1950," Cambridge, Mass."
"GREEN, Sedgwick William (Bill)",http://bioguide.congress.gov/scripts/biodisplay.pl?index=G000417,1929-2002,Representative,Republican,NY,96(1979-1980),J.D.,Harvard Law School,1953," Cambridge, Mass."
"GRISHAM, Wayne Richard",http://bioguide.congress.gov/scripts/biodisplay.pl?index=G000480,1923-2011,Representative,Republican,CA,96(1979-1980),A.A.,Long Beach City College,1947," Long Beach, Calif."
"GRISHAM, Wayne Richard",http://bioguide.congress.gov/scripts/biodisplay.pl?index=G000480,1923-2011,Representative,Republican,CA,96(1979-1980),B.A.,Whittier College,1949," Whittier, Calif."
"GUARINI, Frank Joseph, Jr.",http://bioguide.congress.gov/scripts/biodisplay.pl?index=G000511,1924- ,Representative,Democrat,NJ,96(1979-1980),B.A.,Dartmouth College,1947," Hanover, N.H."
"GUARINI, Frank Joseph, Jr.",http://bioguide.congress.gov/scripts/biodisplay.pl?index=G000511,1924- ,Representative,Democrat,NJ,96(1979-1980),J.D.,New York University School of Law,1950,None
"GUARINI, Frank Joseph, Jr.",http://bioguide.congress.gov/scripts/biodisplay.pl?index=G000511,1924- ,Representative,Democrat,NJ,96(1979-1980),LL.M.,New York University School of Law,1955,None
"HALL, Tony Patrick",http://bioguide.congress.gov/scripts/biodisplay.pl?index=H000074,1942- ,Representative,Democrat,OH,96(1979-1980),A.B.,Denison University,1964," Granville, Ohio"
"HAMMERSCHMIDT, John Paul",http://bioguide.congress.gov/scripts/biodisplay.pl?index=H000124,1922-2015,Representative,Republican,AR,96(1979-1980),B.S.,Canbourne University,1993," London, England"
"HAMMERSCHMIDT, John Paul",http://bioguide.congress.gov/scripts/biodisplay.pl?index=H000124,1922-2015,Representative,Republican,AR,96(1979-1980),M.A.,Canbourne University,1997," London, England"
"HANCE, Kent Ronald",http://bioguide.congress.gov/scripts/biodisplay.pl?index=H000144,1942- ,Representative,Democrat,TX,96(1979-1980),B.B.A.,Texas Tech University,1965,None
"HANCE, Kent Ronald",http://bioguide.congress.gov/scripts/biodisplay.pl?index=H000144,1942- ,Representative,Democrat,TX,96(1979-1980),LL.B.,University of Texas School of Law,1968,None
"HARRIS, Herbert Eugene, II",http://bioguide.congress.gov/scripts/biodisplay.pl?index=H000241,1926-2014,Representative,Democrat,VA,96(1979-1980),B.A.,Rockhurst College,1948,None
"HARRIS, Herbert Eugene, II",http://bioguide.congress.gov/scripts/biodisplay.pl?index=H000241,1926-2014,Representative,Democrat,VA,96(1979-1980),J.D.,Georgetown University Law School,1951," Washington, D.C."
"HARSHA, William Howard",http://bioguide.congress.gov/scripts/biodisplay.pl?index=H000281,1921-2010,Representative,Republican,OH,96(1979-1980),A.B.,Kenyon College,1943,None
"HARSHA, William Howard",http://bioguide.congress.gov/scripts/biodisplay.pl?index=H000281,1921-2010,Representative,Republican,OH,96(1979-1980),LL.B.,Western Reserve University,1947,None
"HIGHTOWER, Jack English",http://bioguide.congress.gov/scripts/biodisplay.pl?index=H000582,1926-2013,Representative,Democrat,TX,96(1979-1980),B.A.,Baylor University,1949,None
"HIGHTOWER, Jack English",http://bioguide.congress.gov/scripts/biodisplay.pl?index=H000582,1926-2013,Representative,Democrat,TX,96(1979-1980),LL.B.,Baylor University,1951,None
"HIGHTOWER, Jack English",http://bioguide.congress.gov/scripts/biodisplay.pl?index=H000582,1926-2013,Representative,Democrat,TX,96(1979-1980),LL.M.,University of Virginia,1992, Charlottesville
"HILLIS, Elwood Haynes",http://bioguide.congress.gov/scripts/biodisplay.pl?index=H000624,1926- ,Representative,Republican,IN,96(1979-1980),B.S.,Indiana University,1949,None
"HILLIS, Elwood Haynes",http://bioguide.congress.gov/scripts/biodisplay.pl?index=H000624,1926- ,Representative,Republican,IN,96(1979-1980),J.D.,Indiana University School of Law,1952,None
"HOLLAND, Kenneth Lamar",http://bioguide.congress.gov/scripts/biodisplay.pl?index=H000719,1934- ,Representative,Democrat,SC,96(1979-1980),A.B.,University of South Carolina,1960, Columbia
"HOLLAND, Kenneth Lamar",http://bioguide.congress.gov/scripts/biodisplay.pl?index=H000719,1934- ,Representative,Democrat,SC,96(1979-1980),LL.B.,University of South Carolina Law School,1963, Columbia
"HOLLENBECK, Harold Capistran",http://bioguide.congress.gov/scripts/biodisplay.pl?index=H000722,1938- ,Representative,Republican,NJ,96(1979-1980),B.A.,Fairleigh Dickinson University,1961, Rutherford
"HOLLENBECK, Harold Capistran",http://bioguide.congress.gov/scripts/biodisplay.pl?index=H000722,1938- ,Representative,Republican,NJ,96(1979-1980),LL.B.,University of Virginia,1964,None
"HOLTZMAN, Elizabeth",http://bioguide.congress.gov/scripts/biodisplay.pl?index=H000752,1941- ,Representative,Democrat,NY,96(1979-1980),B.A.,Radcliffe College,1962,None
"HOLTZMAN, Elizabeth",http://bioguide.congress.gov/scripts/biodisplay.pl?index=H000752,1941- ,Representative,Democrat,NY,96(1979-1980),J.D.,Harvard Law School,1965,None
"HORTON, Frank Jefferson",http://bioguide.congress.gov/scripts/biodisplay.pl?index=H000797,1919-2004,Representative,Republican,NY,96(1979-1980),A.B.,Louisiana State University,1941," Baton Rouge, La."
"HORTON, Frank Jefferson",http://bioguide.congress.gov/scripts/biodisplay.pl?index=H000797,1919-2004,Representative,Republican,NY,96(1979-1980),LL.B.,Cornell University Law School,1947," Ithaca, N.Y."
"HOWARD, James John",http://bioguide.congress.gov/scripts/biodisplay.pl?index=H000840,1927-1988,Representative,Democrat,NJ,96(1979-1980),M.Ed.,Rutgers University,1958," New Brunswick, N.J."
"HUCKABY, Thomas Jerald",http://bioguide.congress.gov/scripts/biodisplay.pl?index=H000901,1941- ,Representative,Democrat,LA,96(1979-1980),B.S.,Louisiana State University,1963," Baton Rouge, La."
"HUCKABY, Thomas Jerald",http://bioguide.congress.gov/scripts/biodisplay.pl?index=H000901,1941- ,Representative,Democrat,LA,96(1979-1980),M.B.A.,Georgia State University,1968," Atlanta, Ga."
"HUTTO, Earl Dewitt",http://bioguide.congress.gov/scripts/biodisplay.pl?index=H001018,1926- ,Representative,Democrat,FL,96(1979-1980),B.S.,Troy State University,1949,None
"HYDE, Henry John",http://bioguide.congress.gov/scripts/biodisplay.pl?index=H001022,1924-2007,Representative,Republican,IL,96(1979-1980),B.S.,Georgetown University,1947," Washington, D.C."
"HYDE, Henry John",http://bioguide.congress.gov/scripts/biodisplay.pl?index=H001022,1924-2007,Representative,Republican,IL,96(1979-1980),J.D.,Loyola University Law School,1949," Chicago, Ill."
"ICHORD, Richard Howard, II",http://bioguide.congress.gov/scripts/biodisplay.pl?index=I000001,1926-1992,Representative,Democrat,MO,96(1979-1980),B.S.,University of Missouri,1949,None
"ICHORD, Richard Howard, II",http://bioguide.congress.gov/scripts/biodisplay.pl?index=I000001,1926-1992,Representative,Democrat,MO,96(1979-1980),J.D.,University of Missouri,1952,None
"IRELAND, Andrew Poysell (Andy)",http://bioguide.congress.gov/scripts/biodisplay.pl?index=I000029,1930- ,Representative,Democrat,FL,96(1979-1980),B.S.,Yale University,1952,None
"JACOBS, Andrew, Jr.",http://bioguide.congress.gov/scripts/biodisplay.pl?index=J000033,1932-2013,Representative,Democrat,IN,96(1979-1980),LL.B.,Indiana University,1958," Indianapolis, Ind."
"JENKINS, Edgar Lanier (Ed)",http://bioguide.congress.gov/scripts/biodisplay.pl?index=J000083,1933-2012,Representative,Democrat,GA,96(1979-1980),A.A.,Young Harris College,1951," Young Harris, Ga."
"JENKINS, Edgar Lanier (Ed)",http://bioguide.congress.gov/scripts/biodisplay.pl?index=J000083,1933-2012,Representative,Democrat,GA,96(1979-1980),LL.B.,University of Georgia,1959," Athens, Ga."
"JENRETTE, John Wilson, Jr.",http://bioguide.congress.gov/scripts/biodisplay.pl?index=J000099,1936- ,Representative,Democrat,SC,96(1979-1980),B.A.,Wofford College,1958," Wofford, S.C."
"JENRETTE, John Wilson, Jr.",http://bioguide.congress.gov/scripts/biodisplay.pl?index=J000099,1936- ,Representative,Democrat,SC,96(1979-1980),LL.B.,University of South Carolina Law School,1962," Columbia, S.C."
"JOHNSON, James Paul (Jim)",http://bioguide.congress.gov/scripts/biodisplay.pl?index=J000148,1930- ,Representative,Republican,CO,96(1979-1980),B.A.,Northwestern University,1952," Evanston, Ill."
"JOHNSON, James Paul (Jim)",http://bioguide.congress.gov/scripts/biodisplay.pl?index=J000148,1930- ,Representative,Republican,CO,96(1979-1980),LL.B.,University of Colorado,1959," Boulder, Colo."
"JONES, Ed",http://bioguide.congress.gov/scripts/biodisplay.pl?index=J000216,1912-1999,Representative,Democrat,TN,96(1979-1980),B.S.,University of Tennessee,1934,None
"JONES, James Robert",http://bioguide.congress.gov/scripts/biodisplay.pl?index=J000232,1939- ,Representative,Democrat,OK,96(1979-1980),LL.B.,Georgetown University Law Center,1964," Washington, D.C."
"JONES, Walter Beaman, Sr.",http://bioguide.congress.gov/scripts/biodisplay.pl?index=J000256,1913-1992,Representative,Democrat,NC,96(1979-1980),B.S.,North Carolina State University,1934," Raleigh, N.C."
"KEMP, Jack French",http://bioguide.congress.gov/scripts/biodisplay.pl?index=K000086,1935-2009,Representative,Republican,NY,96(1979-1980),B.A.,Occidental College,1957," Los Angeles, Calif."
"KILDEE, Dale Edward",http://bioguide.congress.gov/scripts/biodisplay.pl?index=K000172,1929- ,Representative,Democrat,MI,96(1979-1980),B.A.,Sacred Heart Seminary,1952," Detroit, Mich."
"KILDEE, Dale Edward",http://bioguide.congress.gov/scripts/biodisplay.pl?index=K000172,1929- ,Representative,Democrat,MI,96(1979-1980),M.A.,University of Michigan,1961," Ann Arbor, Mich."
"KINDNESS, Thomas Norman",http://bioguide.congress.gov/scripts/biodisplay.pl?index=K000190,1929-2004,Representative,Republican,OH,96(1979-1980),A.B.,University of Maryland,1951," College Park, Md."
"KINDNESS, Thomas Norman",http://bioguide.congress.gov/scripts/biodisplay.pl?index=K000190,1929-2004,Representative,Republican,OH,96(1979-1980),LL.B.,George Washington University,1953," Washington, D.C."
"KOGOVSEK, Raymond Peter",http://bioguide.congress.gov/scripts/biodisplay.pl?index=K000304,1941- ,Representative,Democrat,CO,96(1979-1980),B.S.,Adams State College,1964," Alamosa, Colo."
"KOSTMAYER, Peter Houston",http://bioguide.congress.gov/scripts/biodisplay.pl?index=K000319,1946- ,Representative,Democrat,PA,96(1979-1980),B.A.,Columbia University,1971, New York City
"LaFALCE, John Joseph",http://bioguide.congress.gov/scripts/biodisplay.pl?index=L000556,1939- ,Representative,Democrat,NY,96(1979-1980),B.S.,Canisius College,1961," Buffalo, N.Y."
"LaFALCE, John Joseph",http://bioguide.congress.gov/scripts/biodisplay.pl?index=L000556,1939- ,Representative,Democrat,NY,96(1979-1980),J.D.,Villanova Law School,1964," Philadelphia, Pa."
"LAGOMARSINO, Robert John",http://bioguide.congress.gov/scripts/biodisplay.pl?index=L000020,1926- ,Representative,Republican,CA,96(1979-1980),B.A.,University of California,1950," Santa Barbara, Santa Barbara, Calif."
"LAGOMARSINO, Robert John",http://bioguide.congress.gov/scripts/biodisplay.pl?index=L000020,1926- ,Representative,Republican,CA,96(1979-1980),J.D.,University of Santa Clara Law School,1953," Santa Clara, Calif."
"LEACH, Anthony Claude, Jr.",http://bioguide.congress.gov/scripts/biodisplay.pl?index=L000167,1934- ,Representative,Democrat,LA,96(1979-1980),B.S.,Louisiana State University,1955, Baton  Rouge
"LEACH, James Albert Smith",http://bioguide.congress.gov/scripts/biodisplay.pl?index=L000169,1942- ,Representative,Republican,IA,96(1979-1980),B.A.,Princeton University,1964, Princeton. N.J.
"LEACH, James Albert Smith",http://bioguide.congress.gov/scripts/biodisplay.pl?index=L000169,1942- ,Representative,Republican,IA,96(1979-1980),M.A.,School of Advanced International Studies of Johns Hopkins University,1966," Washington, D.C."
"LEATH, James Marvin",http://bioguide.congress.gov/scripts/biodisplay.pl?index=L000180,1931-2000,Representative,Democrat,TX,96(1979-1980),B.B.A.,University of Texas,1954, Austin
"LEHMAN, William",http://bioguide.congress.gov/scripts/biodisplay.pl?index=L000226,1913-2005,Representative,Democrat,FL,96(1979-1980),B.S.,University of Alabama,1934," Tuscaloosa, Ala."
"LELAND, George Thomas (Mickey)",http://bioguide.congress.gov/scripts/biodisplay.pl?index=L000237,1944-1989,Representative,Democrat,TX,96(1979-1980),B.S.,Texas Southern University,1970, Houston
"LENT, Norman Frederick",http://bioguide.congress.gov/scripts/biodisplay.pl?index=L000243,1931-2012,Representative,Republican-Conservative,NY,96(1979-1980),B.A.,Hofstra College,1952," Hempstead, N.Y."
"LENT, Norman Frederick",http://bioguide.congress.gov/scripts/biodisplay.pl?index=L000243,1931-2012,Representative,Republican-Conservative,NY,96(1979-1980),LL.B.,Cornell University Law School,1957," Ithaca, N.Y."
"LEWIS, Charles Jeremy (Jerry)",http://bioguide.congress.gov/scripts/biodisplay.pl?index=L000274,1934- ,Representative,Republican,CA,96(1979-1980),B.A.,University of California,1956," Los Angeles, Calif."
"LIVINGSTON, Robert Linlithgow, Jr.",http://bioguide.congress.gov/scripts/biodisplay.pl?index=L000371,1943- ,Representative,Republican,LA,96(1979-1980),B.A.,Tulane University,1967," New Orleans, La."
"LIVINGSTON, Robert Linlithgow, Jr.",http://bioguide.congress.gov/scripts/biodisplay.pl?index=L000371,1943- ,Representative,Republican,LA,96(1979-1980),J.D.,Tulane University Law School,1968," New Orleans, La."
"LLOYD, James Fredrick",http://bioguide.congress.gov/scripts/biodisplay.pl?index=L000379,1922-2012,Representative,Democrat,CA,96(1979-1980),B.A.,Stanford University,1958,None
"LLOYD, James Fredrick",http://bioguide.congress.gov/scripts/biodisplay.pl?index=L000379,1922-2012,Representative,Democrat,CA,96(1979-1980),M.A.,University of Southern California,1966,None
"LONG, Clarence Dickinson",http://bioguide.congress.gov/scripts/biodisplay.pl?index=L000413,1908-1994,Representative,Democrat,MD,96(1979-1980),B.A.,Washington and Jefferson College,1932," Washington, Pa."
"LONG, Clarence Dickinson",http://bioguide.congress.gov/scripts/biodisplay.pl?index=L000413,1908-1994,Representative,Democrat,MD,96(1979-1980),M.A.,Princeton University,1935," Princeton, N.J."
"LONG, Clarence Dickinson",http://bioguide.congress.gov/scripts/biodisplay.pl?index=L000413,1908-1994,Representative,Democrat,MD,96(1979-1980),Ph.D.,Princeton University,1938," Princeton, N.J."
"LOWRY, Michael Edward",http://bioguide.congress.gov/scripts/biodisplay.pl?index=L000486,1939- ,Representative,Democrat,WA,96(1979-1980),B.A.,Washington State University,1962, Pullman
"LUJÁN, Manuel, Jr.",http://bioguide.congress.gov/scripts/biodisplay.pl?index=L000506,1928- ,Representative,Republican,NM,96(1979-1980),B.A.,College of Santa Fe,1950," Santa Fe, N.Mex."
"LUKEN, Thomas Andrew",http://bioguide.congress.gov/scripts/biodisplay.pl?index=L000508,1925- ,Representative,Democrat,OH,96(1979-1980),A.B.,Xavier University,1947, Cincinnati
"LUNGREN, Daniel Edward",http://bioguide.congress.gov/scripts/biodisplay.pl?index=L000517,1946- ,Representative,Republican,CA,96(1979-1980),A.B.,Notre Dame University,1968," South Bend, Ind."
"LUNGREN, Daniel Edward",http://bioguide.congress.gov/scripts/biodisplay.pl?index=L000517,1946- ,Representative,Republican,CA,96(1979-1980),J.D.,Georgetown University Law Center,1971," Washington, D.C."
"MARKEY, Edward John",http://bioguide.congress.gov/scripts/biodisplay.pl?index=M000133,1946- ,Representative,Democrat,MA,96(1979-1980),B.A.,Boston College,1968," Chestnut Hill, Mass."
"MARKEY, Edward John",http://bioguide.congress.gov/scripts/biodisplay.pl?index=M000133,1946- ,Representative,Democrat,MA,96(1979-1980),J.D.,Boston College Law School,1972," Chestnut Hill, Mass."
"MARKS, Marc Lincoln",http://bioguide.congress.gov/scripts/biodisplay.pl?index=M000136,1927- ,Representative,Republican,PA,96(1979-1980),B.A.,University of Alabama,1951,None
"MARKS, Marc Lincoln",http://bioguide.congress.gov/scripts/biodisplay.pl?index=M000136,1927- ,Representative,Republican,PA,96(1979-1980),LL.B.,University of Virginia,1954, Charlottesville
"MATSUI, Robert T.",http://bioguide.congress.gov/scripts/biodisplay.pl?index=M000249,1941-2005,Representative,Democrat,CA,96(1979-1980),A.B.,University of California,1963," Berkeley, Calif."
"MATSUI, Robert T.",http://bioguide.congress.gov/scripts/biodisplay.pl?index=M000249,1941-2005,Representative,Democrat,CA,96(1979-1980),J.D.,Hastings College of Law,1966," University of California, San Francisco, Calif."
"MATTOX, James Albon",http://bioguide.congress.gov/scripts/biodisplay.pl?index=M000260,1943-2008,Representative,Democrat,TX,96(1979-1980),B.B.A.,Baylor University,1965," Waco, Tex."
"MATTOX, James Albon",http://bioguide.congress.gov/scripts/biodisplay.pl?index=M000260,1943-2008,Representative,Democrat,TX,96(1979-1980),J.D.,Southern Methodist University,1968," Dallas, Tex."
"MAZZOLI, Romano Louis",http://bioguide.congress.gov/scripts/biodisplay.pl?index=M000291,1932- ,Representative,Democrat,KY,96(1979-1980),B.S.,University of Notre Dame,1954," South Bend, Ind."
"MAZZOLI, Romano Louis",http://bioguide.congress.gov/scripts/biodisplay.pl?index=M000291,1932- ,Representative,Democrat,KY,96(1979-1980),J.D.,University of Louisville Law School,1960,None
"McCLOSKEY, Paul Norton , Jr. (Pete)",http://bioguide.congress.gov/scripts/biodisplay.pl?index=M000343,1927- ,Representative,Republican,CA,96(1979-1980),B.A.,Stanford University,1950," Stanford, Calif."
"McCORMACK, Mike",http://bioguide.congress.gov/scripts/biodisplay.pl?index=M000365,1921- ,Representative,Democrat,WA,96(1979-1980),B.S.,Washington State University,1948," Pullman, Wash."
"McDADE, Joseph Michael",http://bioguide.congress.gov/scripts/biodisplay.pl?index=M000399,1931- ,Representative,Republican,PA,96(1979-1980),LL.B.,University of Pennsylvania,1956,None
"McKAY, Koln Gunn",http://bioguide.congress.gov/scripts/biodisplay.pl?index=M000490,1925-2000,Representative,Democrat,UT,96(1979-1980),B.S.,Utah State University,1962, Logan
"McKINNEY, Stewart Brett",http://bioguide.congress.gov/scripts/biodisplay.pl?index=M000527,1931-1987,Representative,Republican,CT,96(1979-1980),B.A.,Yale University,1958,None
"MICHEL, Robert Henry",http://bioguide.congress.gov/scripts/biodisplay.pl?index=M000692,1923- ,Representative,Republican,IL,96(1979-1980),B.S.,Bradley University,1948," Peoria, Ill."
"MIKVA, Abner Joseph",http://bioguide.congress.gov/scripts/biodisplay.pl?index=M000703,1926- ,Representative,Democrat,IL,96(1979-1980),J.D.,University of Chicago Law School,1951," Chicago, Ill."
"MILLER, George",http://bioguide.congress.gov/scripts/biodisplay.pl?index=M000725,1945- ,Representative,Democrat,CA,96(1979-1980),A.A.,Diablo Valley College,1965," Pleasant Hill, Calif."
"MILLER, George",http://bioguide.congress.gov/scripts/biodisplay.pl?index=M000725,1945- ,Representative,Democrat,CA,96(1979-1980),A.B.,San Francisco State University,1968," San Francisco, Calif."
"MILLER, George",http://bioguide.congress.gov/scripts/biodisplay.pl?index=M000725,1945- ,Representative,Democrat,CA,96(1979-1980),J.D.,University of California Law School,1972," Davis, Calif."
"MINETA, Norman Y.",http://bioguide.congress.gov/scripts/biodisplay.pl?index=M000794,1931- ,Representative,Democrat,CA,96(1979-1980),B.S.,University of California,1953, Berkeley
"MITCHELL, Donald Jerome",http://bioguide.congress.gov/scripts/biodisplay.pl?index=M000808,1923-2003,Representative,Republican,NY,96(1979-1980),B.S.,Columbia University,1949," New York, N.Y."
"MITCHELL, Parren James",http://bioguide.congress.gov/scripts/biodisplay.pl?index=M000826,1922-2007,Representative,Democrat,MD,96(1979-1980),A.B.,Morgan State College,1950,None
"MITCHELL, Parren James",http://bioguide.congress.gov/scripts/biodisplay.pl?index=M000826,1922-2007,Representative,Democrat,MD,96(1979-1980),M.A.,University of Maryland,1952, College Park
"MOAKLEY, John Joseph",http://bioguide.congress.gov/scripts/biodisplay.pl?index=M000834,1927-2001,Representative,Democrat,MA,96(1979-1980),LL.B.,Suffolk University Law School,1956," Boston, Mass."
"MOORHEAD, Carlos John",http://bioguide.congress.gov/scripts/biodisplay.pl?index=M000926,1922-2011,Representative,Republican,CA,96(1979-1980),B.A.,University of California,1943, Los Angeles
"MOORHEAD, Carlos John",http://bioguide.congress.gov/scripts/biodisplay.pl?index=M000926,1922-2011,Representative,Republican,CA,96(1979-1980),J.D.,University of Southern California School of Law,1949, Los Angeles
"MOTTL, Ronald Milton",http://bioguide.congress.gov/scripts/biodisplay.pl?index=M001044,1934- ,Representative,Democrat,OH,96(1979-1980),B.S.,University of Notre Dame,1956," South Bend, Ind."
"MOTTL, Ronald Milton",http://bioguide.congress.gov/scripts/biodisplay.pl?index=M001044,1934- ,Representative,Democrat,OH,96(1979-1980),LL.B.,University of Notre Dame,1957," South Bend, Ind."
"MURPHY, Austin John",http://bioguide.congress.gov/scripts/biodisplay.pl?index=M001088,1927- ,Representative,Democrat,PA,96(1979-1980),B.A.,Duquesne University,1949, Pittsburgh
"MURPHY, Austin John",http://bioguide.congress.gov/scripts/biodisplay.pl?index=M001088,1927- ,Representative,Democrat,PA,96(1979-1980),LL.B.,University of Pittsburgh,1952,None
"MURPHY, Morgan Francis",http://bioguide.congress.gov/scripts/biodisplay.pl?index=M001101,1932- ,Representative,Democrat,IL,96(1979-1980),B.S.,Northwestern University,1955," Evanston, Ill."
"MURPHY, Morgan Francis",http://bioguide.congress.gov/scripts/biodisplay.pl?index=M001101,1932- ,Representative,Democrat,IL,96(1979-1980),J.D.,DePaul University School of Law,1962," Chicago, Ill."
"MURTHA, John Patrick, Jr.",http://bioguide.congress.gov/scripts/biodisplay.pl?index=M001120,1932-2010,Representative,Democrat,PA,96(1979-1980),B.A.,University of Pittsburgh,1962," Pittsburgh, Pa."
"MYERS, John Thomas",http://bioguide.congress.gov/scripts/biodisplay.pl?index=M001130,1927-2015,Representative,Republican,IN,96(1979-1980),B.S.,Indiana State University,1951," Terre Haute, Ind."
"NATCHER, William Huston",http://bioguide.congress.gov/scripts/biodisplay.pl?index=N000009,1909-1994,Representative,Democrat,KY,96(1979-1980),B.A.,Western Kentucky State College,1933," Bowling Green, Ky., 1930 and from Ohio State University, Columbus, Ohio, LL.B."
"NEAL, Stephen Lybrook",http://bioguide.congress.gov/scripts/biodisplay.pl?index=N000016,1934- ,Representative,Democrat,NC,96(1979-1980),A.B.,University of Hawaii,1959, Honolulu
"NEDZI, Lucien Norbert",http://bioguide.congress.gov/scripts/biodisplay.pl?index=N000019,1925- ,Representative,Democrat,MI,96(1979-1980),B.A.,University of Michigan,1948," Ann Arbor, Mich."
"NEDZI, Lucien Norbert",http://bioguide.congress.gov/scripts/biodisplay.pl?index=N000019,1925- ,Representative,Democrat,MI,96(1979-1980),J.D.,University of Michigan Law School,1951," Ann Arbor, Mich."
"NICHOLS, William Flynt",http://bioguide.congress.gov/scripts/biodisplay.pl?index=N000095,1918-1988,Representative,Democrat,AL,96(1979-1980),B.S.,Auburn University,1939,None
"NOLAN, Richard Michael",http://bioguide.congress.gov/scripts/biodisplay.pl?index=N000127,1943- ,Representative,Democrat,MN,96(1979-1980),B.A.,University of Minnesota,1966,None
"NOWAK, Henry James",http://bioguide.congress.gov/scripts/biodisplay.pl?index=N000163,1935- ,Representative,Democrat,NY,96(1979-1980),B.A.,Canisius College,1957, Buffalo
"NOWAK, Henry James",http://bioguide.congress.gov/scripts/biodisplay.pl?index=N000163,1935- ,Representative,Democrat,NY,96(1979-1980),J.D.,University of Buffalo Law School,1961,None
"OAKAR, Mary Rose",http://bioguide.congress.gov/scripts/biodisplay.pl?index=O000001,1940- ,Representative,Democrat,OH,96(1979-1980),B.A.,Ursuline College,1962," Cleveland, Ohio"
"OAKAR, Mary Rose",http://bioguide.congress.gov/scripts/biodisplay.pl?index=O000001,1940- ,Representative,Democrat,OH,96(1979-1980),M.A.,John Carroll University,1966," Cleveland, Ohio"
"OBERSTAR, James Louis",http://bioguide.congress.gov/scripts/biodisplay.pl?index=O000006,1934-2014,Representative,Democrat,MN,96(1979-1980),M.A.,College of Europe,1957," Bruges, Belgium"
"OBEY, David Ross",http://bioguide.congress.gov/scripts/biodisplay.pl?index=O000007,1938- ,Representative,Democrat,WI,96(1979-1980),B.S.,University of Wisconsin,1960," Madison, Wis."
"OBEY, David Ross",http://bioguide.congress.gov/scripts/biodisplay.pl?index=O000007,1938- ,Representative,Democrat,WI,96(1979-1980),M.A.,University of Wisconsin,1962," Madison, Wis."
"OTTINGER, Richard Lawrence",http://bioguide.congress.gov/scripts/biodisplay.pl?index=O000134,1929- ,Representative,Democrat,NY,96(1979-1980),B.A.,Cornell University,1950,None
"PANETTA, Leon Edward",http://bioguide.congress.gov/scripts/biodisplay.pl?index=P000047,1938- ,Representative,Democrat,CA,96(1979-1980),B.A.,University of Santa Clara,1960," Santa Clara, Calif."
"PANETTA, Leon Edward",http://bioguide.congress.gov/scripts/biodisplay.pl?index=P000047,1938- ,Representative,Democrat,CA,96(1979-1980),LL.B.,Santa Clara Law School,1963," Santa Clara, Calif."
"PASHAYAN, Charles, Jr.",http://bioguide.congress.gov/scripts/biodisplay.pl?index=P000097,1941- ,Representative,Republican,CA,96(1979-1980),B.A.,Pomona College,1963," Claremont, Calif."
"PASHAYAN, Charles, Jr.",http://bioguide.congress.gov/scripts/biodisplay.pl?index=P000097,1941- ,Representative,Republican,CA,96(1979-1980),J.D.,Hastings Law School,1968," University of California, San Francisco"
"PAUL, Ronald Ernest",http://bioguide.congress.gov/scripts/biodisplay.pl?index=P000583,1935- ,Representative,Republican,TX,96(1979-1980),B.A.,Gettysburg College,1957," Gettysburg, Pa."
"PAUL, Ronald Ernest",http://bioguide.congress.gov/scripts/biodisplay.pl?index=P000583,1935- ,Representative,Republican,TX,96(1979-1980),M.D.,Duke University Medical Center,1961," Durham, N.C."
"PETRI, Thomas Evert",http://bioguide.congress.gov/scripts/biodisplay.pl?index=P000265,1940- ,Representative,Republican,WI,96(1979-1980),A.B.,Harvard University,1962," Cambridge, Mass."
"PETRI, Thomas Evert",http://bioguide.congress.gov/scripts/biodisplay.pl?index=P000265,1940- ,Representative,Republican,WI,96(1979-1980),J.D.,Harvard Law School,1965," Cambridge, Mass."
"PEYSER, Peter A.",http://bioguide.congress.gov/scripts/biodisplay.pl?index=P000280,1921-2014,Representative,Democrat,NY,96(1979-1980),B.A.,Colgate University,1943," Hamilton, N.Y."
"PICKLE, James Jarrell (Jake)",http://bioguide.congress.gov/scripts/biodisplay.pl?index=P000328,1913-2005,Representative,Democrat,TX,96(1979-1980),B.A.,University of Texas,1938," Austin, Tex."
"PORTER, John Edward",http://bioguide.congress.gov/scripts/biodisplay.pl?index=P000444,1935- ,Representative,Republican,IL,96(1979-1980),J.D.,University of Michigan Law School,1961," Ann Arbor, Mich."
"PREYER, Lunsford Richardson",http://bioguide.congress.gov/scripts/biodisplay.pl?index=P000520,1919-2001,Representative,Democrat,NC,96(1979-1980),A.B.,Princeton University,1941," Princeton, N.J."
"PREYER, Lunsford Richardson",http://bioguide.congress.gov/scripts/biodisplay.pl?index=P000520,1919-2001,Representative,Democrat,NC,96(1979-1980),L.L.B.,Harvard Law School,1949," Cambridge, Mass."
"RAHALL, Nick Joe, II",http://bioguide.congress.gov/scripts/biodisplay.pl?index=R000011,1949- ,Representative,Democrat,WV,96(1979-1980),A.B.,Duke University,1971," Durham, N.C."
"RAILSBACK, Thomas Fisher",http://bioguide.congress.gov/scripts/biodisplay.pl?index=R000012,1932- ,Representative,Republican,IL,96(1979-1980),B.A.,Grinnell College,1954," Grinnell, Iowa"
"RAILSBACK, Thomas Fisher",http://bioguide.congress.gov/scripts/biodisplay.pl?index=R000012,1932- ,Representative,Republican,IL,96(1979-1980),J.D.,Northwestern University School of Law,1957," Chicago, Ill."
"RANGEL, Charles B.",http://bioguide.congress.gov/scripts/biodisplay.pl?index=R000053,1930- ,Representative,Democrat,NY,96(1979-1980),B.S.,New York University School of Commerce,1957," New York, N.Y."
"RATCHFORD, William Richard",http://bioguide.congress.gov/scripts/biodisplay.pl?index=R000067,1934-2011,Representative,Democrat,CT,96(1979-1980),B.A.,University of Connecticut,1956, Storrs
"RATCHFORD, William Richard",http://bioguide.congress.gov/scripts/biodisplay.pl?index=R000067,1934-2011,Representative,Democrat,CT,96(1979-1980),J.D.,Georgetown Law School,1959," Washington, D.C."
"REGULA, Ralph Straus",http://bioguide.congress.gov/scripts/biodisplay.pl?index=R000141,1924- ,Representative,Republican,OH,96(1979-1980),B.A.,Mount Union College,1948," Alliance, Ohio"
"REGULA, Ralph Straus",http://bioguide.congress.gov/scripts/biodisplay.pl?index=R000141,1924- ,Representative,Republican,OH,96(1979-1980),LL.B.,William McKinley School of Law,1952," Canton, Ohio"
"REUSS, Henry Schoellkopf",http://bioguide.congress.gov/scripts/biodisplay.pl?index=R000165,1912-2002,Representative,Democrat,WI,96(1979-1980),A.B.,Cornell University,1933," Ithaca, N.Y."
"REUSS, Henry Schoellkopf",http://bioguide.congress.gov/scripts/biodisplay.pl?index=R000165,1912-2002,Representative,Democrat,WI,96(1979-1980),L.L.B.,Harvard University,1936," Cambridge, Mass."
"RINALDO, Matthew John",http://bioguide.congress.gov/scripts/biodisplay.pl?index=R000262,1931-2008,Representative,Republican,NJ,96(1979-1980),B.S.,Rutgers University,1953," New Brunswick, N.J."
"RINALDO, Matthew John",http://bioguide.congress.gov/scripts/biodisplay.pl?index=R000262,1931-2008,Representative,Republican,NJ,96(1979-1980),M.B.A.,Seton Hall University Graduate School of Business Administration,1959," South Orange, N.J."
"RINALDO, Matthew John",http://bioguide.congress.gov/scripts/biodisplay.pl?index=R000262,1931-2008,Representative,Republican,NJ,96(1979-1980),D.P.A.,New York University,1979, School of Public Administration
"RITTER, Donald Lawrence",http://bioguide.congress.gov/scripts/biodisplay.pl?index=R000277,1940- ,Representative,Republican,PA,96(1979-1980),B.S.,Lehigh University,1961," Bethlehem, Pa."
"RITTER, Donald Lawrence",http://bioguide.congress.gov/scripts/biodisplay.pl?index=R000277,1940- ,Representative,Republican,PA,96(1979-1980),M.S.,Massachusetts Institute of Technology,1963, Cambridge
"ROBINSON, James Kenneth",http://bioguide.congress.gov/scripts/biodisplay.pl?index=R000337,1916-1990,Representative,Republican,VA,96(1979-1980),B.S.,Virginia Polytechnic Institute,1937," Blacksburg, Va."
"ROSE, Charles Grandison, III",http://bioguide.congress.gov/scripts/biodisplay.pl?index=R000436,1939-2012,Representative,Democrat,NC,96(1979-1980),LL.B.,University of North Carolina Law School,1964, Chapel Hill
"ROSENTHAL, Benjamin Stanley",http://bioguide.congress.gov/scripts/biodisplay.pl?index=R000442,1923-1983,Representative,Democrat,NY,96(1979-1980),LL.B.,Brooklyn Law School,1949,None
"ROSENTHAL, Benjamin Stanley",http://bioguide.congress.gov/scripts/biodisplay.pl?index=R000442,1923-1983,Representative,Democrat,NY,96(1979-1980),LL.M.,New York University,1952,None
"ROTH, Toby A.",http://bioguide.congress.gov/scripts/biodisplay.pl?index=R000459,1938- ,Representative,Republican,WI,96(1979-1980),B.A.,Marquette University,1961," Milwaukee, Wis."
"ROUSSELOT, John Harbin",http://bioguide.congress.gov/scripts/biodisplay.pl?index=R000469,1927-2003,Representative,Republican,CA,96(1979-1980),B.A.,Principia College,1949," Elsah, Ill."
"ROYER, William Howard",http://bioguide.congress.gov/scripts/biodisplay.pl?index=R000489,1920-2013,Representative,Republican,CA,96(1979-1980),B.S.,Santa Clara University,1941," Santa Clara, Calif."
"SABO, Martin Olav",http://bioguide.congress.gov/scripts/biodisplay.pl?index=S000005,1938- ,Representative,Democrat,MN,96(1979-1980),B.A.,Augsburg College,1959," Minneapolis, Minn."
"SANTINI, James David",http://bioguide.congress.gov/scripts/biodisplay.pl?index=S000058,1937- ,Representative,Democrat,NV,96(1979-1980),B.S.,University of Nevada,1959, Reno
"SANTINI, James David",http://bioguide.congress.gov/scripts/biodisplay.pl?index=S000058,1937- ,Representative,Democrat,NV,96(1979-1980),J.D.,Hastings College of Law,1962," San Francisco, Calif."
"SAWYER, Harold Samuel",http://bioguide.congress.gov/scripts/biodisplay.pl?index=S000087,1920-2003,Representative,Republican,MI,96(1979-1980),J.D.,Hastings College of Law,1943," University of California, San Francisco, Calif."
"SCHEUER, James Haas",http://bioguide.congress.gov/scripts/biodisplay.pl?index=S000124,1920-2005,Representative,Democrat-Liberal,NY,96(1979-1980),A.B.,Swarthmore College,1942," Swarthmore, Pa."
"SCHEUER, James Haas",http://bioguide.congress.gov/scripts/biodisplay.pl?index=S000124,1920-2005,Representative,Democrat-Liberal,NY,96(1979-1980),L.L.B.,Columbia University Law School,1948," New York, N.Y."
"SCHEUER, James Haas",http://bioguide.congress.gov/scripts/biodisplay.pl?index=S000124,1920-2005,Representative,Democrat-Liberal,NY,96(1979-1980),I.A.,Harvard Graduate School of Business Administration,1945," Cambridge, Mass."
"SCHROEDER, Patricia Scott",http://bioguide.congress.gov/scripts/biodisplay.pl?index=S000142,1940- ,Representative,Democrat,CO,96(1979-1980),B.A.,University of Minnesota,1961," Minneapolis, Minn."
"SCHROEDER, Patricia Scott",http://bioguide.congress.gov/scripts/biodisplay.pl?index=S000142,1940- ,Representative,Democrat,CO,96(1979-1980),J.D.,Harvard Law School,1964," Cambridge, Mass."
"SEBELIUS, Keith George",http://bioguide.congress.gov/scripts/biodisplay.pl?index=S000217,1916-1982,Representative,Republican,KS,96(1979-1980),A.B.,Fort Hays Kansas State College,1941,None
"SEBELIUS, Keith George",http://bioguide.congress.gov/scripts/biodisplay.pl?index=S000217,1916-1982,Representative,Republican,KS,96(1979-1980),J.D.,George Washington University Law School,1939,None
"SEIBERLING, John Frederick",http://bioguide.congress.gov/scripts/biodisplay.pl?index=S000230,1918-2008,Representative,Democrat,OH,96(1979-1980),A.B.,Harvard University,1941," Cambridge, Mass."
"SEIBERLING, John Frederick",http://bioguide.congress.gov/scripts/biodisplay.pl?index=S000230,1918-2008,Representative,Democrat,OH,96(1979-1980),LL.B.,Columbia Law School,1949," New York, N.Y."
"SENSENBRENNER, Frank James, Jr.",http://bioguide.congress.gov/scripts/biodisplay.pl?index=S000244,1943- ,Representative,Republican,WI,96(1979-1980),A.B.,Stanford University,1965," Stanford, Calif."
"SENSENBRENNER, Frank James, Jr.",http://bioguide.congress.gov/scripts/biodisplay.pl?index=S000244,1943- ,Representative,Republican,WI,96(1979-1980),J.D.,University of Wisconsin Law School,1968," Madison, Wis."
"SHANNON, James Michael",http://bioguide.congress.gov/scripts/biodisplay.pl?index=S000286,1952- ,Representative,Democrat,MA,96(1979-1980),B.A.,Johns Hopkins University,1973," Baltimore, Md."
"SHANNON, James Michael",http://bioguide.congress.gov/scripts/biodisplay.pl?index=S000286,1952- ,Representative,Democrat,MA,96(1979-1980),J.D.,George Washington University,1975," Washington, D.C."
"SHARP, Philip Riley",http://bioguide.congress.gov/scripts/biodisplay.pl?index=S000294,1942- ,Representative,Democrat,IN,96(1979-1980),B.S.,Georgetown University School of  Foreign Service,1964," Washington, D.C."
"SHARP, Philip Riley",http://bioguide.congress.gov/scripts/biodisplay.pl?index=S000294,1942- ,Representative,Democrat,IN,96(1979-1980),Ph.D.,Georgetown University,1974,None
"SHUMWAY, Norman David",http://bioguide.congress.gov/scripts/biodisplay.pl?index=S000393,1934- ,Representative,Republican,CA,96(1979-1980),B.S.,University of Utah,1960, Salt Lake City
"SHUMWAY, Norman David",http://bioguide.congress.gov/scripts/biodisplay.pl?index=S000393,1934- ,Representative,Republican,CA,96(1979-1980),J.D.,Hastings College of Law,1963," University of California, San Francisco"
"SHUSTER, E. G. (Bud)",http://bioguide.congress.gov/scripts/biodisplay.pl?index=S000394,1932- ,Representative,Republican,PA,96(1979-1980),B.S.,University of Pittsburgh,1954, Pa.
"SHUSTER, E. G. (Bud)",http://bioguide.congress.gov/scripts/biodisplay.pl?index=S000394,1932- ,Representative,Republican,PA,96(1979-1980),M.B.A.,Duquesne University,1960," Pittsburgh, Pa."
"SHUSTER, E. G. (Bud)",http://bioguide.congress.gov/scripts/biodisplay.pl?index=S000394,1932- ,Representative,Republican,PA,96(1979-1980),Ph.D.,American University,1967," Washington, D.C."
"SKELTON, Isaac Newton, IV (Ike)",http://bioguide.congress.gov/scripts/biodisplay.pl?index=S000465,1931-2013,Representative,Democrat,MO,96(1979-1980),A.B.,University of Missouri,1953," Columbia, Mo."
"SKELTON, Isaac Newton, IV (Ike)",http://bioguide.congress.gov/scripts/biodisplay.pl?index=S000465,1931-2013,Representative,Democrat,MO,96(1979-1980),LL.B.,University of Missouri,1956," Columbia, Mo."
"SMITH, Virginia Dodd",http://bioguide.congress.gov/scripts/biodisplay.pl?index=S000622,1911-2006,Representative,Republican,NE,96(1979-1980),B.A.,University of Nebraska,1936, Lincoln
"SOLARZ, Stephen Joshua",http://bioguide.congress.gov/scripts/biodisplay.pl?index=S000673,1940-2010,Representative,Democrat,NY,96(1979-1980),B.A.,Brandeis University,1962," Waltham, Mass."
"SOLARZ, Stephen Joshua",http://bioguide.congress.gov/scripts/biodisplay.pl?index=S000673,1940-2010,Representative,Democrat,NY,96(1979-1980),M.A.,public law and government,1967," Columbia University, New York"
"SPENCE, Floyd Davidson",http://bioguide.congress.gov/scripts/biodisplay.pl?index=S000718,1928-2001,Representative,Republican,SC,96(1979-1980),B.A.,University of South Carolina,1952," Columbia, S.C."
"SPENCE, Floyd Davidson",http://bioguide.congress.gov/scripts/biodisplay.pl?index=S000718,1928-2001,Representative,Republican,SC,96(1979-1980),LL.B.,University of South Carolina,1956," Columbia, S.C."
"STACK, Edward John",http://bioguide.congress.gov/scripts/biodisplay.pl?index=S000772,1910-1989,Representative,Democrat,FL,96(1979-1980),B.A.,Lehigh University,1931," Bethlehem, Pa."
"STACK, Edward John",http://bioguide.congress.gov/scripts/biodisplay.pl?index=S000772,1910-1989,Representative,Democrat,FL,96(1979-1980),J.D.,University of Pennsylvania Law School,1934, Philadelphia
"STACK, Edward John",http://bioguide.congress.gov/scripts/biodisplay.pl?index=S000772,1910-1989,Representative,Democrat,FL,96(1979-1980),M.A.,in public law and government,1938," Columbia University, New York City"
"STARK, Fortney Hillman (Pete), Jr.",http://bioguide.congress.gov/scripts/biodisplay.pl?index=S000810,1931- ,Representative,Democrat,CA,96(1979-1980),B.S.,Massachusetts Institute of Technology,1953," Cambridge, Mass."
"STARK, Fortney Hillman (Pete), Jr.",http://bioguide.congress.gov/scripts/biodisplay.pl?index=S000810,1931- ,Representative,Democrat,CA,96(1979-1980),M.B.A.,University of California,1960," Berkeley, Calif."
"STENHOLM, Charles Walter",http://bioguide.congress.gov/scripts/biodisplay.pl?index=S000851,1938- ,Representative,Democrat,TX,96(1979-1980),A.S.,Tarleton State Junior College,1959," Stephenville, Tex."
"STENHOLM, Charles Walter",http://bioguide.congress.gov/scripts/biodisplay.pl?index=S000851,1938- ,Representative,Democrat,TX,96(1979-1980),B.S.,Texas Tech University,1961," Lubbock, Tex."
"STENHOLM, Charles Walter",http://bioguide.congress.gov/scripts/biodisplay.pl?index=S000851,1938- ,Representative,Democrat,TX,96(1979-1980),M.S.,Texas Tech University,1962," Lubbock, Tex."
"STEWART, Bennett McVey",http://bioguide.congress.gov/scripts/biodisplay.pl?index=S000902,1912-1988,Representative,Democrat,IL,96(1979-1980),B.A.,Miles College,1936, Birmingham
"STOCKMAN, David Alan",http://bioguide.congress.gov/scripts/biodisplay.pl?index=S000935,1946- ,Representative,Republican,MI,96(1979-1980),B.A.,Michigan State University,1968," East Lansing, Mich."
"STOKES, Louis",http://bioguide.congress.gov/scripts/biodisplay.pl?index=S000948,1925- ,Representative,Democrat,OH,96(1979-1980),J.D.,Cleveland Marshall Law School,1953,None
"STUDDS, Gerry Eastman",http://bioguide.congress.gov/scripts/biodisplay.pl?index=S001040,1937-2006,Representative,Democrat,MA,96(1979-1980),M.A.T.,history,1961, same university
"STUMP, Robert Lee",http://bioguide.congress.gov/scripts/biodisplay.pl?index=S001044,1927-2003,Representative,Democrat,AZ,96(1979-1980),B.S.,Arizona State University,1951," Tempe, Ariz."
"SWIFT, Allan Byron",http://bioguide.congress.gov/scripts/biodisplay.pl?index=S001115,1935- ,Representative,Democrat,WA,96(1979-1980),B.A.,Central  Washington University,1957," Ellensburg, Wash."
"SYNAR, Michael Lynn",http://bioguide.congress.gov/scripts/biodisplay.pl?index=S001139,1950-1996,Representative,Democrat,OK,96(1979-1980),B.S.,University of Oklahoma,1972, Norman
"SYNAR, Michael Lynn",http://bioguide.congress.gov/scripts/biodisplay.pl?index=S001139,1950-1996,Representative,Democrat,OK,96(1979-1980),LL.B.,University of Oklahoma Law Center,1977,None
"SYNAR, Michael Lynn",http://bioguide.congress.gov/scripts/biodisplay.pl?index=S001139,1950-1996,Representative,Democrat,OK,96(1979-1980),M.A.,Northwestern University,1974," Evanston, Ill."
"TAUKE, Thomas Joseph",http://bioguide.congress.gov/scripts/biodisplay.pl?index=T000053,1950- ,Representative,Republican,IA,96(1979-1980),B.A.,Loras College,1972," Dubuque, Iowa"
"TAUKE, Thomas Joseph",http://bioguide.congress.gov/scripts/biodisplay.pl?index=T000053,1950- ,Representative,Republican,IA,96(1979-1980),J.D.,University of Iowa College of Law,1974," Iowa City, Iowa"
"TAUZIN, Wilbert Joseph (Billy)",http://bioguide.congress.gov/scripts/biodisplay.pl?index=T000058,1943- ,Representative,Democrat,LA,96(1979-1980),J.D.,Louisiana State University,1967," Baton Rouge, La."
"THOMAS, William Marshall",http://bioguide.congress.gov/scripts/biodisplay.pl?index=T000188,1941- ,Representative,Republican,CA,96(1979-1980),A.A.,Santa Ana Community College,1961,None
"THOMAS, William Marshall",http://bioguide.congress.gov/scripts/biodisplay.pl?index=T000188,1941- ,Representative,Republican,CA,96(1979-1980),B.A.,San Francisco State University,1963," San Francisco, Calif."
"THOMAS, William Marshall",http://bioguide.congress.gov/scripts/biodisplay.pl?index=T000188,1941- ,Representative,Republican,CA,96(1979-1980),M.A.,San Francisco State University,1965," San Francisco, Calif."
"TRAXLER, Jerome Bob",http://bioguide.congress.gov/scripts/biodisplay.pl?index=T000356,1931- ,Representative,Democrat,MI,96(1979-1980),B.A.,Michigan State University,1953," East Lansing, Mich."
"TRAXLER, Jerome Bob",http://bioguide.congress.gov/scripts/biodisplay.pl?index=T000356,1931- ,Representative,Democrat,MI,96(1979-1980),LL.B.,Detroit College of Law,1959," Detroit, Mich."
"TREEN, David Conner",http://bioguide.congress.gov/scripts/biodisplay.pl?index=T000362,1928-2009,Representative,Republican,LA,96(1979-1980),B.A.,Tulane University,1948, New Orleans
"TREEN, David Conner",http://bioguide.congress.gov/scripts/biodisplay.pl?index=T000362,1928-2009,Representative,Republican,LA,96(1979-1980),J.D.,Tulane University Law School,1950,None
"UDALL, Morris King",http://bioguide.congress.gov/scripts/biodisplay.pl?index=U000001,1922-1998,Representative,Democrat,AZ,96(1979-1980),J.D.,University of Arizona,1949,None
"ULLMAN, Albert Conrad",http://bioguide.congress.gov/scripts/biodisplay.pl?index=U000004,1914-1986,Representative,Democrat,OR,96(1979-1980),M.A.,Columbia University,1939, New York City
"VAN DEERLIN, Lionel",http://bioguide.congress.gov/scripts/biodisplay.pl?index=V000024,1914-2008,Representative,Democrat,CA,96(1979-1980),B.A.,University of Southern California,1937," Los Angeles, Calif."
"VANDER JAGT, Guy Adrian",http://bioguide.congress.gov/scripts/biodisplay.pl?index=V000027,1931-2007,Representative,Republican,MI,96(1979-1980),B.A.,Hope College,1953," Holland, Mich."
"VANDER JAGT, Guy Adrian",http://bioguide.congress.gov/scripts/biodisplay.pl?index=V000027,1931-2007,Representative,Republican,MI,96(1979-1980),B.D.,Yale University,1955," New Haven, Conn."
"VANDER JAGT, Guy Adrian",http://bioguide.congress.gov/scripts/biodisplay.pl?index=V000027,1931-2007,Representative,Republican,MI,96(1979-1980),J.D.,University of Michigan,1960,None
"VENTO, Bruce Frank",http://bioguide.congress.gov/scripts/biodisplay.pl?index=V000087,1940-2000,Representative,Democrat Farmer Labor,MN,96(1979-1980),A.A.,University of Minnesota,1961, Minneapolis
"VENTO, Bruce Frank",http://bioguide.congress.gov/scripts/biodisplay.pl?index=V000087,1940-2000,Representative,Democrat Farmer Labor,MN,96(1979-1980),B.S.,Wisconsin State University,1965, River Falls
"VOLKMER, Harold Lee",http://bioguide.congress.gov/scripts/biodisplay.pl?index=V000112,1931-2011,Representative,Democrat,MO,96(1979-1980),LL.B.,University of Missouri,1955," School of Law, Columbia"
"WATKINS, Wesley Wade",http://bioguide.congress.gov/scripts/biodisplay.pl?index=W000194,1938- ,Representative,Democrat,OK,96(1979-1980),B.S.,Oklahoma State University,1960," Stillwater, Okla."
"WATKINS, Wesley Wade",http://bioguide.congress.gov/scripts/biodisplay.pl?index=W000194,1938- ,Representative,Democrat,OK,96(1979-1980),M.S.,Oklahoma State University,1961," Stillwater, Okla."
"WAXMAN, Henry Arnold",http://bioguide.congress.gov/scripts/biodisplay.pl?index=W000215,1939- ,Representative,Democrat,CA,96(1979-1980),B.A.,University of California,1961," Los Angeles, Calif."
"WAXMAN, Henry Arnold",http://bioguide.congress.gov/scripts/biodisplay.pl?index=W000215,1939- ,Representative,Democrat,CA,96(1979-1980),J.D.,University of California,1964," Los Angeles, Calif."
"WEAVER, James Howard",http://bioguide.congress.gov/scripts/biodisplay.pl?index=W000227,1927- ,Representative,Democrat,OR,96(1979-1980),B.S.,University of Oregon,1952, Eugene
"WHITEHURST, George William",http://bioguide.congress.gov/scripts/biodisplay.pl?index=W000406,1925- ,Representative,Republican,VA,96(1979-1980),B.A.,Washington and Lee University,1950," Lexington, Va."
"WHITEHURST, George William",http://bioguide.congress.gov/scripts/biodisplay.pl?index=W000406,1925- ,Representative,Republican,VA,96(1979-1980),M.A.,University of Virginia,1951," Charlottesville, Va."
"WHITEHURST, George William",http://bioguide.congress.gov/scripts/biodisplay.pl?index=W000406,1925- ,Representative,Republican,VA,96(1979-1980),Ph.D.,West Virginia University,1962," Morgantown, W.Va."
"WHITTAKER, Robert Russell",http://bioguide.congress.gov/scripts/biodisplay.pl?index=W000426,1939- ,Representative,Republican,KS,96(1979-1980),O.D.,Illinois College of Optometry,1962,None
"WILLIAMS, John Patrick",http://bioguide.congress.gov/scripts/biodisplay.pl?index=W000520,1937- ,Representative,Democrat,MT,96(1979-1980),B.A.,University of Denver,1961, Colo.
"WINN, Edward Lawrence, Jr. (Larry)",http://bioguide.congress.gov/scripts/biodisplay.pl?index=W000636,1919- ,Representative,Republican,KS,96(1979-1980),B.A.,University of Kansas,1941," Lawrence, Kans."
"WOLPE, Howard Eliot, III",http://bioguide.congress.gov/scripts/biodisplay.pl?index=W000682,1939-2011,Representative,Democrat,MI,96(1979-1980),B.A.,Reed College,1960," Portland, Oreg."
"WOLPE, Howard Eliot, III",http://bioguide.congress.gov/scripts/biodisplay.pl?index=W000682,1939-2011,Representative,Democrat,MI,96(1979-1980),Ph.D.,Massachusetts Institute of Technology,1967," Cambridge, Mass."
"WYATT, Joseph Peyton, Jr.",http://bioguide.congress.gov/scripts/biodisplay.pl?index=W000777,1941- ,Representative,Democrat,TX,96(1979-1980),B.A.,University of Texas,1968,None
"WYDLER, John Waldemar",http://bioguide.congress.gov/scripts/biodisplay.pl?index=W000780,1924-1987,Representative,Republican,NY,96(1979-1980),LL.B.,Harvard University Law School,1950,None
"WYLIE, Chalmers Pangburn",http://bioguide.congress.gov/scripts/biodisplay.pl?index=W000781,1920-1998,Representative,Republican,OH,96(1979-1980),J.D.,Harvard Law School,1948,None
"YATES, Sidney Richard",http://bioguide.congress.gov/scripts/biodisplay.pl?index=Y000013,1909-2000,Representative,Democrat,IL,96(1979-1980),B.A.,University of Chicago,1931," Chicago, Ill."
"YATES, Sidney Richard",http://bioguide.congress.gov/scripts/biodisplay.pl?index=Y000013,1909-2000,Representative,Democrat,IL,96(1979-1980),J.D.,University of Chicago,1933," Chicago, Ill."
"YOUNG, Donald Edwin",http://bioguide.congress.gov/scripts/biodisplay.pl?index=Y000033,1933- ,Representative,Republican,AK,96(1979-1980),A.A.,Yuba Junior College,1952," Marysville, Calif."
"YOUNG, Donald Edwin",http://bioguide.congress.gov/scripts/biodisplay.pl?index=Y000033,1933- ,Representative,Republican,AK,96(1979-1980),B.A.,California State University,1958," Chico, Calif."
"ZABLOCKI, Clement John",http://bioguide.congress.gov/scripts/biodisplay.pl?index=Z000001,1912-1983,Representative,Democrat,WI,96(1979-1980),Ph.B.,Marquette University,1936,None
