"ABZUG, Bella Savitzky",http://bioguide.congress.gov/scripts/biodisplay.pl?index=A000018,1920-1998,Representative,Democrat,NY,94(1975-1976),A.B.,Hunter College,1942, New York City
"ABZUG, Bella Savitzky",http://bioguide.congress.gov/scripts/biodisplay.pl?index=A000018,1920-1998,Representative,Democrat,NY,94(1975-1976),LL.B.,Columbia University Law School,1945, New York City
"ALEXANDER, William Vollie (Bill), Jr.",http://bioguide.congress.gov/scripts/biodisplay.pl?index=A000103,1934- ,Representative,Democrat,AR,94(1975-1976),B.A.,Rhodes College,1957," Memphis, Tenn."
"ALEXANDER, William Vollie (Bill), Jr.",http://bioguide.congress.gov/scripts/biodisplay.pl?index=A000103,1934- ,Representative,Democrat,AR,94(1975-1976),LL.B.,Vanderbilt University,1960," Nashville, Tenn."
"ALLEN, Clifford Robertson",http://bioguide.congress.gov/scripts/biodisplay.pl?index=A000118,1912-1978,Representative,Democrat,TN,94(1975-1976),LL.B.,Cumberland University School of Law,1931," Lebanon, Tenn."
"AMBRO, Jerome Anthony, Jr.",http://bioguide.congress.gov/scripts/biodisplay.pl?index=A000170,1928-1993,Representative,Democrat,NY,94(1975-1976),B.A.,New York University,1955,None
"ANDERSON, Glenn Malcolm",http://bioguide.congress.gov/scripts/biodisplay.pl?index=A000189,1913-1994,Representative,Democrat,CA,94(1975-1976),B.A.,University of California,1936," Los Angeles, Calif."
"ANDERSON, John Bayard",http://bioguide.congress.gov/scripts/biodisplay.pl?index=A000195,1922- ,Representative,Republican,IL,94(1975-1976),A.B.,University of Illinois,1942," Urbana, Ill."
"ANDERSON, John Bayard",http://bioguide.congress.gov/scripts/biodisplay.pl?index=A000195,1922- ,Representative,Republican,IL,94(1975-1976),LL.M.,Harvard University Law School,1949," Cambridge, Mass."
"ANDREWS, Ike Franklin",http://bioguide.congress.gov/scripts/biodisplay.pl?index=A000207,1925-2010,Representative,Democrat,NC,94(1975-1976),B.S.,University of North Carolina,1950, Chapel Hill
"ANDREWS, Ike Franklin",http://bioguide.congress.gov/scripts/biodisplay.pl?index=A000207,1925-2010,Representative,Democrat,NC,94(1975-1976),LL.B.,same university,1952,None
"ANNUNZIO, Frank",http://bioguide.congress.gov/scripts/biodisplay.pl?index=A000212,1915-2001,Representative,Democrat,IL,94(1975-1976),B.S.,DePaul University,1940," Chicago, Ill."
"ANNUNZIO, Frank",http://bioguide.congress.gov/scripts/biodisplay.pl?index=A000212,1915-2001,Representative,Democrat,IL,94(1975-1976),M.A.,DePaul University,1942," Chicago, Ill."
"ASPIN, Leslie",http://bioguide.congress.gov/scripts/biodisplay.pl?index=A000224,1938-1995,Representative,Democrat,WI,94(1975-1976),B.A.,Yale University,1960,None
"ASPIN, Leslie",http://bioguide.congress.gov/scripts/biodisplay.pl?index=A000224,1938-1995,Representative,Democrat,WI,94(1975-1976),M.A.,Oxford University,1962, England
"ASPIN, Leslie",http://bioguide.congress.gov/scripts/biodisplay.pl?index=A000224,1938-1995,Representative,Democrat,WI,94(1975-1976),Ph.D.,economics,1965, Massachusetts Institute of Technology
"AuCOIN, Les",http://bioguide.congress.gov/scripts/biodisplay.pl?index=A000337,1942- ,Representative,Democrat,OR,94(1975-1976),B.A.,Pacific University,1969, Forest Grove
"BADILLO, Herman",http://bioguide.congress.gov/scripts/biodisplay.pl?index=B000025,1929-2014,Representative,Democrat,NY,94(1975-1976),B.B.A.,City College of New York,1951,None
"BADILLO, Herman",http://bioguide.congress.gov/scripts/biodisplay.pl?index=B000025,1929-2014,Representative,Democrat,NY,94(1975-1976),LL.B.,Brooklyn Law School,1954,None
"BAUMAN, Robert Edmund",http://bioguide.congress.gov/scripts/biodisplay.pl?index=B000244,1937- ,Representative,Republican,MD,94(1975-1976),B.S.,international affairs,1959," School of Foreign Service, Georgetown University, Washington, D.C."
"BAUMAN, Robert Edmund",http://bioguide.congress.gov/scripts/biodisplay.pl?index=B000244,1937- ,Representative,Republican,MD,94(1975-1976),J.D.,Georgetown University Law Center,1964," Washington, D.C."
"BEARD, Robin Leo, Jr.",http://bioguide.congress.gov/scripts/biodisplay.pl?index=B000280,1939-2007,Representative,Republican,TN,94(1975-1976),B.A.,Vanderbilt University,1961," Nashville, Tenn."
"BENÍTEZ, Jaime",http://bioguide.congress.gov/scripts/biodisplay.pl?index=B000362,1908-2001,Resident Commissioner,Popular Democrat,PR,94(1975-1976),B.L.,Georgetown University,1930," Washington, D.C."
"BENÍTEZ, Jaime",http://bioguide.congress.gov/scripts/biodisplay.pl?index=B000362,1908-2001,Resident Commissioner,Popular Democrat,PR,94(1975-1976),M.L.,Georgetown University,1931," Washington, D.C."
"BENÍTEZ, Jaime",http://bioguide.congress.gov/scripts/biodisplay.pl?index=B000362,1908-2001,Resident Commissioner,Popular Democrat,PR,94(1975-1976),M.A.,University of Chicago,1938," Chicago, Ill."
"BENNETT, Charles Edward",http://bioguide.congress.gov/scripts/biodisplay.pl?index=B000371,1910-2003,Representative,Democrat,FL,94(1975-1976),J.D.,University of Florida,1934," Gainesville, Fla."
"BIAGGI, Mario",http://bioguide.congress.gov/scripts/biodisplay.pl?index=B000432,1917- ,Representative,Democrat,NY,94(1975-1976),LL.B.,New York Law School,1963,None
"BIESTER, Edward George, Jr.",http://bioguide.congress.gov/scripts/biodisplay.pl?index=B000451,1931- ,Representative,Republican,PA,94(1975-1976),B.A.,Wesleyan University,1952,None
"BIESTER, Edward George, Jr.",http://bioguide.congress.gov/scripts/biodisplay.pl?index=B000451,1931- ,Representative,Republican,PA,94(1975-1976),D.L.,Temple University School of Law ,1955,None
"BLANCHARD, James Johnston",http://bioguide.congress.gov/scripts/biodisplay.pl?index=B000538,1942- ,Representative,Democrat,MI,94(1975-1976),B.A.,Michigan State University,1964, East Lansing
"BLANCHARD, James Johnston",http://bioguide.congress.gov/scripts/biodisplay.pl?index=B000538,1942- ,Representative,Democrat,MI,94(1975-1976),M.B.A.,Michigan State University,1965,None
"BLANCHARD, James Johnston",http://bioguide.congress.gov/scripts/biodisplay.pl?index=B000538,1942- ,Representative,Democrat,MI,94(1975-1976),J.D.,University of Minnesota Law School,1968, Minneapolis
"BLOUIN, Michael Thomas",http://bioguide.congress.gov/scripts/biodisplay.pl?index=B000567,1945- ,Representative,Democrat,IA,94(1975-1976),B.A.,political science,1966," Loras College, Dubuque, Iowa"
"BOGGS, Corinne Claiborne (Lindy)",http://bioguide.congress.gov/scripts/biodisplay.pl?index=B000592,1916-2013,Representative,Democrat,LA,94(1975-1976),B.A.,Sophie Newcomb College,1935," Tulane University, New Orleans, La."
"BOLLING, Richard Walker",http://bioguide.congress.gov/scripts/biodisplay.pl?index=B000605,1916-1991,Representative,Democrat,MO,94(1975-1976),B.A.,1937,1939, M.A.
"BONKER, Don Leroy",http://bioguide.congress.gov/scripts/biodisplay.pl?index=B000620,1937- ,Representative,Democrat,WA,94(1975-1976),A.A.,Clark College,1962," Vancouver, Wash."
"BONKER, Don Leroy",http://bioguide.congress.gov/scripts/biodisplay.pl?index=B000620,1937- ,Representative,Democrat,WA,94(1975-1976),B.A.,Lewis and Clark College,1964," Portland, Oreg."
"BOWEN, David Reece",http://bioguide.congress.gov/scripts/biodisplay.pl?index=B000682,1932- ,Representative,Democrat,MS,94(1975-1976),A.B.,Harvard University,1954,None
"BOWEN, David Reece",http://bioguide.congress.gov/scripts/biodisplay.pl?index=B000682,1932- ,Representative,Democrat,MS,94(1975-1976),M.A.,Oxford University,1956," Oxford, England"
"BRODHEAD, William McNulty",http://bioguide.congress.gov/scripts/biodisplay.pl?index=B000862,1941- ,Representative,Democrat,MI,94(1975-1976),A.B.,Wayne State University,1965," Detroit, Mich."
"BRODHEAD, William McNulty",http://bioguide.congress.gov/scripts/biodisplay.pl?index=B000862,1941- ,Representative,Democrat,MI,94(1975-1976),J.D.,University of Michigan Law School,1967," Ann Arbor, Mich."
"BROWN, Clarence J., Jr.",http://bioguide.congress.gov/scripts/biodisplay.pl?index=B000910,1927- ,Representative,Republican,OH,94(1975-1976),B.A.,Duke University,1947," Durham, N.C."
"BURKE, Yvonne Brathwaite",http://bioguide.congress.gov/scripts/biodisplay.pl?index=B001102,1932- ,Representative,Democrat,CA,94(1975-1976),B.A.,University of California,1953," Los Angeles, Calif."
"BURKE, Yvonne Brathwaite",http://bioguide.congress.gov/scripts/biodisplay.pl?index=B001102,1932- ,Representative,Democrat,CA,94(1975-1976),J.D.,University of Southern California School of Law,1956," Los Angeles, Calif."
"BURLISON, Bill D.",http://bioguide.congress.gov/scripts/biodisplay.pl?index=B001113,1931- ,Representative,Democrat,MO,94(1975-1976),B.A.,Southeast Missouri State University,1953,None
"BURLISON, Bill D.",http://bioguide.congress.gov/scripts/biodisplay.pl?index=B001113,1931- ,Representative,Democrat,MO,94(1975-1976),B.S.,same university,1959,None
"BURTON, John Lowell",http://bioguide.congress.gov/scripts/biodisplay.pl?index=B001153,1932- ,Representative,Democrat,CA,94(1975-1976),A.B.,San Francisco State College,1954," San Francisco, Calif."
"BURTON, John Lowell",http://bioguide.congress.gov/scripts/biodisplay.pl?index=B001153,1932- ,Representative,Democrat,CA,94(1975-1976),LL.B.,University of San Francisco Law School,1960," San Francisco, Calif."
"BURTON, Phillip",http://bioguide.congress.gov/scripts/biodisplay.pl?index=B001156,1926-1983,Representative,Democrat,CA,94(1975-1976),B.A.,University of Southern California,1947," Los Angeles, Calif."
"BURTON, Phillip",http://bioguide.congress.gov/scripts/biodisplay.pl?index=B001156,1926-1983,Representative,Democrat,CA,94(1975-1976),LL.B.,Golden Gate Law School,1952," San Francisco, Calif."
"BUTLER, Manley Caldwell",http://bioguide.congress.gov/scripts/biodisplay.pl?index=B001182,1925-2014,Representative,Republican,VA,94(1975-1976),LL.B.,University of Virginia Law School,1950, Charlottesville
"BYRON, Goodloe Edgar",http://bioguide.congress.gov/scripts/biodisplay.pl?index=B001221,1929-1978,Representative,Democrat,MD,94(1975-1976),B.A.,University of Virginia at Charlottesville,1951,None
"BYRON, Goodloe Edgar",http://bioguide.congress.gov/scripts/biodisplay.pl?index=B001221,1929-1978,Representative,Democrat,MD,94(1975-1976),J.D.,George Washington University,1953," Washington, D.C."
"CARR, Milton Robert (Bob)",http://bioguide.congress.gov/scripts/biodisplay.pl?index=C000178,1943- ,Representative,Democrat,MI,94(1975-1976),B.S.,University of Wisconsin,1965, Madison
"CARR, Milton Robert (Bob)",http://bioguide.congress.gov/scripts/biodisplay.pl?index=C000178,1943- ,Representative,Democrat,MI,94(1975-1976),J.D.,University of Wisconsin Law School,1968, Madison
"CHISHOLM, Shirley Anita",http://bioguide.congress.gov/scripts/biodisplay.pl?index=C000371,1924-2005,Representative,Democrat,NY,94(1975-1976),B.A.,Brooklyn College,1946,None
"CHISHOLM, Shirley Anita",http://bioguide.congress.gov/scripts/biodisplay.pl?index=C000371,1924-2005,Representative,Democrat,NY,94(1975-1976),M.A.,Columbia University,1952,None
"COLEMAN, Earl Thomas",http://bioguide.congress.gov/scripts/biodisplay.pl?index=C000618,1943- ,Representative,Republican,MO,94(1975-1976),B.A.,William Jewell College,1965," Liberty, Mo."
"COLEMAN, Earl Thomas",http://bioguide.congress.gov/scripts/biodisplay.pl?index=C000618,1943- ,Representative,Republican,MO,94(1975-1976),M.P.A.,New York University,1969," New York, N.Y."
"COLEMAN, Earl Thomas",http://bioguide.congress.gov/scripts/biodisplay.pl?index=C000618,1943- ,Representative,Republican,MO,94(1975-1976),J.D.,Washington University,1969," St. Louis, Mo."
"COLLINS, James Mitchell",http://bioguide.congress.gov/scripts/biodisplay.pl?index=C000638,1916-1989,Representative,Republican,TX,94(1975-1976),B.S.C.,Southern Methodist University,1937," Dallas, Tex.."
"COLLINS, James Mitchell",http://bioguide.congress.gov/scripts/biodisplay.pl?index=C000638,1916-1989,Representative,Republican,TX,94(1975-1976),M.B.A.,Northwestern University,1938," Evanston, Ill."
"COLLINS, James Mitchell",http://bioguide.congress.gov/scripts/biodisplay.pl?index=C000638,1916-1989,Representative,Republican,TX,94(1975-1976),C.L.U.,American College,1940,None
"COLLINS, James Mitchell",http://bioguide.congress.gov/scripts/biodisplay.pl?index=C000638,1916-1989,Representative,Republican,TX,94(1975-1976),M.B.A.,Harvard Business School,1943," Cambridge, Mass."
"CONLAN, John Bertrand",http://bioguide.congress.gov/scripts/biodisplay.pl?index=C000682,1930- ,Representative,Republican,AZ,94(1975-1976),B.S.,Northwestern University,1951," Evanston, Ill."
"CONLAN, John Bertrand",http://bioguide.congress.gov/scripts/biodisplay.pl?index=C000682,1930- ,Representative,Republican,AZ,94(1975-1976),LL.B.,Harvard University Law School,1954,None
"CONTE, Silvio Ottavio",http://bioguide.congress.gov/scripts/biodisplay.pl?index=C000709,1921-1991,Representative,Republican,MA,94(1975-1976),LL.B.,Boston College Law School,1949," Chestnut Hill, Mass."
"CONYERS, John, Jr.",http://bioguide.congress.gov/scripts/biodisplay.pl?index=C000714,1929- ,Representative,Democrat,MI,94(1975-1976),B.A.,Wayne State University,1957," Detroit, Mich."
"CONYERS, John, Jr.",http://bioguide.congress.gov/scripts/biodisplay.pl?index=C000714,1929- ,Representative,Democrat,MI,94(1975-1976),LL.B.,Wayne State Law School,1958," Detroit, Mich."
"COTTER, William Ross",http://bioguide.congress.gov/scripts/biodisplay.pl?index=C000799,1926-1981,Representative,Democrat,CT,94(1975-1976),B.A.,Trinity College,1949," Hartford, Conn."
"COUGHLIN, Robert Lawrence",http://bioguide.congress.gov/scripts/biodisplay.pl?index=C000807,1929-2001,Representative,Republican,PA,94(1975-1976),A.B.,Yale University,1950," New Haven, Conn."
"COUGHLIN, Robert Lawrence",http://bioguide.congress.gov/scripts/biodisplay.pl?index=C000807,1929-2001,Representative,Republican,PA,94(1975-1976),M.B.A.,Harvard University,1954," Cambridge, Mass."
"COUGHLIN, Robert Lawrence",http://bioguide.congress.gov/scripts/biodisplay.pl?index=C000807,1929-2001,Representative,Republican,PA,94(1975-1976),LL.B.,Temple University Evening Law School,1958," Philadelphia, Pa."
"CRANE, Philip Miller",http://bioguide.congress.gov/scripts/biodisplay.pl?index=C000873,1930-2014,Representative,Republican,IL,94(1975-1976),B.A.,Hillsdale College,1952," Hillsdale, Mich."
"CRANE, Philip Miller",http://bioguide.congress.gov/scripts/biodisplay.pl?index=C000873,1930-2014,Representative,Republican,IL,94(1975-1976),M.A.,Indiana University,1961," Bloomington, Ind."
"CRANE, Philip Miller",http://bioguide.congress.gov/scripts/biodisplay.pl?index=C000873,1930-2014,Representative,Republican,IL,94(1975-1976),Ph.D.,Indiana University,1963," Bloomington, Ind."
"DANIEL, Robert Williams, Jr.",http://bioguide.congress.gov/scripts/biodisplay.pl?index=D000037,1936-2012,Representative,Republican,VA,94(1975-1976),B.A.,University of Virginia,1954-1958," Charlottesville, Va."
"DANIEL, Robert Williams, Jr.",http://bioguide.congress.gov/scripts/biodisplay.pl?index=D000037,1936-2012,Representative,Republican,VA,94(1975-1976),M.B.A.,Columbia University,1960-1961," New York, N.Y."
"DANIELSON, George Elmore",http://bioguide.congress.gov/scripts/biodisplay.pl?index=D000043,1915-1998,Representative,Democrat,CA,94(1975-1976),B.A.,University of Nebraska,1937,None
"DAVIS, Mendel Jackson",http://bioguide.congress.gov/scripts/biodisplay.pl?index=D000125,1942-2007,Representative,Democrat,SC,94(1975-1976),B.S.,College of Charleston,1966,None
"DAVIS, Mendel Jackson",http://bioguide.congress.gov/scripts/biodisplay.pl?index=D000125,1942-2007,Representative,Democrat,SC,94(1975-1976),J.D.,University of South Carolina School of Law,1970,None
"DELLUMS, Ronald V.",http://bioguide.congress.gov/scripts/biodisplay.pl?index=D000222,1935- ,Representative,Democrat,CA,94(1975-1976),A.A.,Oakland City College,1958,None
"DELLUMS, Ronald V.",http://bioguide.congress.gov/scripts/biodisplay.pl?index=D000222,1935- ,Representative,Democrat,CA,94(1975-1976),B.A.,San Francisco State College,1960,None
"DELLUMS, Ronald V.",http://bioguide.congress.gov/scripts/biodisplay.pl?index=D000222,1935- ,Representative,Democrat,CA,94(1975-1976),M.S.W.,University of California,1962,None
"DERRICK, Butler Carson, Jr.",http://bioguide.congress.gov/scripts/biodisplay.pl?index=D000267,1936-2014,Representative,Democrat,SC,94(1975-1976),LL.B.,University of Georgia Law School,1965,None
"DERWINSKI, Edward Joseph",http://bioguide.congress.gov/scripts/biodisplay.pl?index=D000269,1926-2012,Representative,Republican,IL,94(1975-1976),B.S.,Loyola University,1951," Chicago, Ill."
"DINGELL, John David, Jr.",http://bioguide.congress.gov/scripts/biodisplay.pl?index=D000355,1926- ,Representative,Democrat,MI,94(1975-1976),B.S.,Georgetown University,1949," Washington, D.C."
"DINGELL, John David, Jr.",http://bioguide.congress.gov/scripts/biodisplay.pl?index=D000355,1926- ,Representative,Democrat,MI,94(1975-1976),J.D.,Georgetown University Law School,1952," Washington, D.C."
"DOWNEY, Thomas Joseph",http://bioguide.congress.gov/scripts/biodisplay.pl?index=D000471,1949- ,Representative,Democrat,NY,94(1975-1976),B.S.,Cornell University,1970,None
"DOWNEY, Thomas Joseph",http://bioguide.congress.gov/scripts/biodisplay.pl?index=D000471,1949- ,Representative,Democrat,NY,94(1975-1976),J.D.,American University,1980,None
"du PONT, Pierre Samuel, IV",http://bioguide.congress.gov/scripts/biodisplay.pl?index=D000558,1935- ,Representative,Republican,DE,94(1975-1976),B.S.E.,Princeton University,1952-1956,None
"du PONT, Pierre Samuel, IV",http://bioguide.congress.gov/scripts/biodisplay.pl?index=D000558,1935- ,Representative,Republican,DE,94(1975-1976),LL.B.,Harvard Law School,1963,None
"DUNCAN, John James",http://bioguide.congress.gov/scripts/biodisplay.pl?index=D000534,1919-1988,Representative,Republican,TN,94(1975-1976),B.S.,University of Tennessee,1942," Knoxville, Tenn."
"DUNCAN, John James",http://bioguide.congress.gov/scripts/biodisplay.pl?index=D000534,1919-1988,Representative,Republican,TN,94(1975-1976),L.L.B.,Cumberland University,1947," Lebanon, Tenn."
"DUNCAN, Robert Blackford",http://bioguide.congress.gov/scripts/biodisplay.pl?index=D000537,1920-2011,Representative,Democrat,OR,94(1975-1976),B.A.,Illinois Wesleyan University,1942," Bloomington, Ill."
"DUNCAN, Robert Blackford",http://bioguide.congress.gov/scripts/biodisplay.pl?index=D000537,1920-2011,Representative,Democrat,OR,94(1975-1976),LL.B.,University of Michigan Law School,1948," Ann Arbor, Mich."
"EARLY, Joseph Daniel",http://bioguide.congress.gov/scripts/biodisplay.pl?index=E000013,1933-2012,Representative,Democrat,MA,94(1975-1976),B.S.,College of the Holy Cross,1955, Worcester
"ECKHARDT, Robert Christian",http://bioguide.congress.gov/scripts/biodisplay.pl?index=E000035,1913-2001,Representative,Democrat,TX,94(1975-1976),B.A.,University of Texas,1935,None
"ECKHARDT, Robert Christian",http://bioguide.congress.gov/scripts/biodisplay.pl?index=E000035,1913-2001,Representative,Democrat,TX,94(1975-1976),LL.B.,University of Texas,1939,None
"EDGAR, Robert William",http://bioguide.congress.gov/scripts/biodisplay.pl?index=E000043,1943-2013,Representative,Democrat,PA,94(1975-1976),B.A.,Lycoming College,1965," Williamsport, Pa."
"EDWARDS, William Donlon (Don)",http://bioguide.congress.gov/scripts/biodisplay.pl?index=E000064,1915- ,Representative,Democrat,CA,94(1975-1976),B.A.,Stanford University,1936,None
"EDWARDS, William Jackson (Jack)",http://bioguide.congress.gov/scripts/biodisplay.pl?index=E000084,1928- ,Representative,Republican,AL,94(1975-1976),B.S.,University of Alabama,1952," University, Ala."
"EDWARDS, William Jackson (Jack)",http://bioguide.congress.gov/scripts/biodisplay.pl?index=E000084,1928- ,Representative,Republican,AL,94(1975-1976),LL.B.,University of Alabama,1954," University, Ala."
"ENGLISH, Glenn Lee, Jr.",http://bioguide.congress.gov/scripts/biodisplay.pl?index=E000184,1940- ,Representative,Democrat,OK,94(1975-1976),B.A.,Southwestern State College,1960-1964," Weatherford, Okla."
"ERLENBORN, John Neal",http://bioguide.congress.gov/scripts/biodisplay.pl?index=E000204,1927-2005,Representative,Republican,IL,94(1975-1976),J.D.,Loyola University Law School,1949," Chicago, Ill."
"ESCH, Marvin Leonel",http://bioguide.congress.gov/scripts/biodisplay.pl?index=E000213,1927-2010,Representative,Republican,MI,94(1975-1976),A.B.,University of Michigan,1950," Ann Arbor, Mich."
"ESCH, Marvin Leonel",http://bioguide.congress.gov/scripts/biodisplay.pl?index=E000213,1927-2010,Representative,Republican,MI,94(1975-1976),M.A.,University of Michigan,1951," Ann Arbor, Mich."
"ESCH, Marvin Leonel",http://bioguide.congress.gov/scripts/biodisplay.pl?index=E000213,1927-2010,Representative,Republican,MI,94(1975-1976),Ph.D.,University of Michigan,1959," Ann Arbor, Mich."
"FAUNTROY, Walter Edward",http://bioguide.congress.gov/scripts/biodisplay.pl?index=F000046,1933- ,Delegate,Democrat,DC,94(1975-1976),B.A.,Virginia Union University,1955," Richmond, Va."
"FAUNTROY, Walter Edward",http://bioguide.congress.gov/scripts/biodisplay.pl?index=F000046,1933- ,Delegate,Democrat,DC,94(1975-1976),B.D.,Yale University Divinity School,1958,None
"FINDLEY, Paul",http://bioguide.congress.gov/scripts/biodisplay.pl?index=F000123,1921- ,Representative,Republican,IL,94(1975-1976),B.A.,Illinois College at Jacksonville,1943,None
"FISH, Hamilton, Jr.",http://bioguide.congress.gov/scripts/biodisplay.pl?index=F000141,1926-1996,Representative,Republican,NY,94(1975-1976),LL.B.,New York University School of Law,1957,None
"FISHER, Joseph Lyman",http://bioguide.congress.gov/scripts/biodisplay.pl?index=F000151,1914-1992,Representative,Democrat,VA,94(1975-1976),B.S.,Bowdoin College,1935," Brunswick, Maine"
"FISHER, Joseph Lyman",http://bioguide.congress.gov/scripts/biodisplay.pl?index=F000151,1914-1992,Representative,Democrat,VA,94(1975-1976),Ph.D.,economics,1947, Harvard University
"FISHER, Joseph Lyman",http://bioguide.congress.gov/scripts/biodisplay.pl?index=F000151,1914-1992,Representative,Democrat,VA,94(1975-1976),M.A.,education,1951," George Washington University, Washington, D.C."
"FITHIAN, Floyd James",http://bioguide.congress.gov/scripts/biodisplay.pl?index=F000161,1928-2003,Representative,Democrat,IN,94(1975-1976),B.A.,Peru State College,1951," Peru, Nebr."
"FITHIAN, Floyd James",http://bioguide.congress.gov/scripts/biodisplay.pl?index=F000161,1928-2003,Representative,Democrat,IN,94(1975-1976),M.A.,University of Nebraska,1955,None
"FITHIAN, Floyd James",http://bioguide.congress.gov/scripts/biodisplay.pl?index=F000161,1928-2003,Representative,Democrat,IN,94(1975-1976),Ph.D.,University of Nebraska,1964,None
"FLORIO, James Joseph",http://bioguide.congress.gov/scripts/biodisplay.pl?index=F000215,1937- ,Representative,Democrat,NJ,94(1975-1976),J.D.,Rutgers University Law School,1967,None
"FLYNT, John James, Jr.",http://bioguide.congress.gov/scripts/biodisplay.pl?index=F000229,1914-2007,Representative,Democrat,GA,94(1975-1976),A.B.,University of Georgia,1936," Athens, Ga."
"FOLEY, Thomas Stephen",http://bioguide.congress.gov/scripts/biodisplay.pl?index=F000239,1929-2013,Representative,Democrat,WA,94(1975-1976),A.B.,University of Washington,1951," Seattle, Wash."
"FOLEY, Thomas Stephen",http://bioguide.congress.gov/scripts/biodisplay.pl?index=F000239,1929-2013,Representative,Democrat,WA,94(1975-1976),J.D.,University of Washington Law School,1957,None
"FORD, Harold Eugene",http://bioguide.congress.gov/scripts/biodisplay.pl?index=F000261,1945- ,Representative,Democrat,TN,94(1975-1976),B.S.,Tennessee State University,1967," Nashville, Tenn."
"FORD, Harold Eugene",http://bioguide.congress.gov/scripts/biodisplay.pl?index=F000261,1945- ,Representative,Democrat,TN,94(1975-1976),A.A.,mortuary science,1969, John Gupton College
"FORD, Harold Eugene",http://bioguide.congress.gov/scripts/biodisplay.pl?index=F000261,1945- ,Representative,Democrat,TN,94(1975-1976),M.B.A.,Howard University,1982," Washington, D.C."
"FORD, William David",http://bioguide.congress.gov/scripts/biodisplay.pl?index=F000270,1927-2004,Representative,Democrat,MI,94(1975-1976),B.A.,University of Denver,1949,None
"FORD, William David",http://bioguide.congress.gov/scripts/biodisplay.pl?index=F000270,1927-2004,Representative,Democrat,MI,94(1975-1976),LL.D.,University of Denver,1951,None
"FOUNTAIN, Lawrence H.",http://bioguide.congress.gov/scripts/biodisplay.pl?index=F000319,1913-2002,Representative,Democrat,NC,94(1975-1976),A.B.,University of North Carolina,1934," Chapel Hill, N.C."
"FOUNTAIN, Lawrence H.",http://bioguide.congress.gov/scripts/biodisplay.pl?index=F000319,1913-2002,Representative,Democrat,NC,94(1975-1976),J.D.,University of North Carolina,1936," Chapel Hill, N.C."
"FRENZEL, William Eldridge",http://bioguide.congress.gov/scripts/biodisplay.pl?index=F000380,1928-2014,Representative,Republican,MN,94(1975-1976),B.A.,Dartmouth College,1950," Hanover, N.H."
"FRENZEL, William Eldridge",http://bioguide.congress.gov/scripts/biodisplay.pl?index=F000380,1928-2014,Representative,Republican,MN,94(1975-1976),M.A.,Dartmouth College,1951," Hanover, N.H."
"FREY, Louis, Jr.",http://bioguide.congress.gov/scripts/biodisplay.pl?index=F000381,1934- ,Representative,Republican,FL,94(1975-1976),B.A.,Colgate University,1955," Hamilton, N.Y"
"GIBBONS, Sam Melville",http://bioguide.congress.gov/scripts/biodisplay.pl?index=G000153,1920-2012,Representative,Democrat,FL,94(1975-1976),LL.B.,University of Florida,1947," Gainesville, Fla."
"GILMAN, Benjamin Arthur",http://bioguide.congress.gov/scripts/biodisplay.pl?index=G000212,1922- ,Representative,Republican,NY,94(1975-1976),B.S.,Wharton School of Business and Finance,1946," University of Pennsylvania, Philadelphia, Pa."
"GILMAN, Benjamin Arthur",http://bioguide.congress.gov/scripts/biodisplay.pl?index=G000212,1922- ,Representative,Republican,NY,94(1975-1976),LL.B.,New York Law School,1950," New York, N.Y."
"GOODLING, William Franklin",http://bioguide.congress.gov/scripts/biodisplay.pl?index=G000291,1927- ,Representative,Republican,PA,94(1975-1976),B.S.,University of Maryland,1953,None
"GOODLING, William Franklin",http://bioguide.congress.gov/scripts/biodisplay.pl?index=G000291,1927- ,Representative,Republican,PA,94(1975-1976),M.Ed.,Western Maryland College,1957,None
"GUDE, Gilbert",http://bioguide.congress.gov/scripts/biodisplay.pl?index=G000513,1923-2007,Representative,Republican,MD,94(1975-1976),B.S.,Cornell University,1948,None
"GUDE, Gilbert",http://bioguide.congress.gov/scripts/biodisplay.pl?index=G000513,1923-2007,Representative,Republican,MD,94(1975-1976),M.S.,George Washington University,1958,None
"HALL, Tim Lee",http://bioguide.congress.gov/scripts/biodisplay.pl?index=H000073,1925-2008,Representative,Democrat,IL,94(1975-1976),B.A.,Iowa Wesleyan College,1951," Mt. Pleasant, Iowa"
"HALL, Tim Lee",http://bioguide.congress.gov/scripts/biodisplay.pl?index=H000073,1925-2008,Representative,Democrat,IL,94(1975-1976),M.S.,education,1956, Southern Illinois University
"HAMMERSCHMIDT, John Paul",http://bioguide.congress.gov/scripts/biodisplay.pl?index=H000124,1922-2015,Representative,Republican,AR,94(1975-1976),B.S.,Canbourne University,1993," London, England"
"HAMMERSCHMIDT, John Paul",http://bioguide.congress.gov/scripts/biodisplay.pl?index=H000124,1922-2015,Representative,Republican,AR,94(1975-1976),M.A.,Canbourne University,1997," London, England"
"HANNAFORD, Mark Warren",http://bioguide.congress.gov/scripts/biodisplay.pl?index=H000166,1925-1985,Representative,Democrat,CA,94(1975-1976),B.A.,Ball State University,1950," Muncie, Ind."
"HANNAFORD, Mark Warren",http://bioguide.congress.gov/scripts/biodisplay.pl?index=H000166,1925-1985,Representative,Democrat,CA,94(1975-1976),M.A.,same university,1956,None
"HARRINGTON, Michael Joseph",http://bioguide.congress.gov/scripts/biodisplay.pl?index=H000230,1936- ,Representative,Democrat,MA,94(1975-1976),B.A.,Harvard University,1958," Cambridge, Mass."
"HARRINGTON, Michael Joseph",http://bioguide.congress.gov/scripts/biodisplay.pl?index=H000230,1936- ,Representative,Democrat,MA,94(1975-1976),J.D.,Harvard University School of Law,1961," Cambridge, Mass."
"HARRIS, Herbert Eugene, II",http://bioguide.congress.gov/scripts/biodisplay.pl?index=H000241,1926-2014,Representative,Democrat,VA,94(1975-1976),B.A.,Rockhurst College,1948,None
"HARRIS, Herbert Eugene, II",http://bioguide.congress.gov/scripts/biodisplay.pl?index=H000241,1926-2014,Representative,Democrat,VA,94(1975-1976),J.D.,Georgetown University Law School,1951," Washington, D.C."
"HARSHA, William Howard",http://bioguide.congress.gov/scripts/biodisplay.pl?index=H000281,1921-2010,Representative,Republican,OH,94(1975-1976),A.B.,Kenyon College,1943,None
"HARSHA, William Howard",http://bioguide.congress.gov/scripts/biodisplay.pl?index=H000281,1921-2010,Representative,Republican,OH,94(1975-1976),LL.B.,Western Reserve University,1947,None
"HAYES, Philip Harold",http://bioguide.congress.gov/scripts/biodisplay.pl?index=H000392,1940- ,Representative,Democrat,IN,94(1975-1976),B.A.,Indiana University,1963,None
"HAYES, Philip Harold",http://bioguide.congress.gov/scripts/biodisplay.pl?index=H000392,1940- ,Representative,Democrat,IN,94(1975-1976),J.D.,Indiana University Law School,1967,None
"HECHLER, Kenneth William",http://bioguide.congress.gov/scripts/biodisplay.pl?index=H000438,1914- ,Representative,Democrat,WV,94(1975-1976),A.B.,Swarthmore College,1935," Swarthmore, Pa."
"HECHLER, Kenneth William",http://bioguide.congress.gov/scripts/biodisplay.pl?index=H000438,1914- ,Representative,Democrat,WV,94(1975-1976),A.M.,Columbia University,1936," New York, N.Y."
"HECHLER, Kenneth William",http://bioguide.congress.gov/scripts/biodisplay.pl?index=H000438,1914- ,Representative,Democrat,WV,94(1975-1976),Ph.D.,Columbia University,1940," New York, N.Y."
"HENDERSON, David Newton",http://bioguide.congress.gov/scripts/biodisplay.pl?index=H000479,1921-2004,Representative,Democrat,NC,94(1975-1976),B.S.,Wallace High School,1938," Wallace, N.C."
"HIGHTOWER, Jack English",http://bioguide.congress.gov/scripts/biodisplay.pl?index=H000582,1926-2013,Representative,Democrat,TX,94(1975-1976),B.A.,Baylor University,1949,None
"HIGHTOWER, Jack English",http://bioguide.congress.gov/scripts/biodisplay.pl?index=H000582,1926-2013,Representative,Democrat,TX,94(1975-1976),LL.B.,Baylor University,1951,None
"HIGHTOWER, Jack English",http://bioguide.congress.gov/scripts/biodisplay.pl?index=H000582,1926-2013,Representative,Democrat,TX,94(1975-1976),LL.M.,University of Virginia,1992, Charlottesville
"HILLIS, Elwood Haynes",http://bioguide.congress.gov/scripts/biodisplay.pl?index=H000624,1926- ,Representative,Republican,IN,94(1975-1976),B.S.,Indiana University,1949,None
"HILLIS, Elwood Haynes",http://bioguide.congress.gov/scripts/biodisplay.pl?index=H000624,1926- ,Representative,Republican,IN,94(1975-1976),J.D.,Indiana University School of Law,1952,None
"HOLLAND, Kenneth Lamar",http://bioguide.congress.gov/scripts/biodisplay.pl?index=H000719,1934- ,Representative,Democrat,SC,94(1975-1976),A.B.,University of South Carolina,1960, Columbia
"HOLLAND, Kenneth Lamar",http://bioguide.congress.gov/scripts/biodisplay.pl?index=H000719,1934- ,Representative,Democrat,SC,94(1975-1976),LL.B.,University of South Carolina Law School,1963, Columbia
"HOLTZMAN, Elizabeth",http://bioguide.congress.gov/scripts/biodisplay.pl?index=H000752,1941- ,Representative,Democrat,NY,94(1975-1976),B.A.,Radcliffe College,1962,None
"HOLTZMAN, Elizabeth",http://bioguide.congress.gov/scripts/biodisplay.pl?index=H000752,1941- ,Representative,Democrat,NY,94(1975-1976),J.D.,Harvard Law School,1965,None
"HORTON, Frank Jefferson",http://bioguide.congress.gov/scripts/biodisplay.pl?index=H000797,1919-2004,Representative,Republican,NY,94(1975-1976),A.B.,Louisiana State University,1941," Baton Rouge, La."
"HORTON, Frank Jefferson",http://bioguide.congress.gov/scripts/biodisplay.pl?index=H000797,1919-2004,Representative,Republican,NY,94(1975-1976),LL.B.,Cornell University Law School,1947," Ithaca, N.Y."
"HOWARD, James John",http://bioguide.congress.gov/scripts/biodisplay.pl?index=H000840,1927-1988,Representative,Democrat,NJ,94(1975-1976),M.Ed.,Rutgers University,1958," New Brunswick, N.J."
"HUNGATE, William Leonard",http://bioguide.congress.gov/scripts/biodisplay.pl?index=H000965,1922-2007,Representative,Democrat,MO,94(1975-1976),A.B.,University of Missouri,1943," Columbia, Mo."
"HUNGATE, William Leonard",http://bioguide.congress.gov/scripts/biodisplay.pl?index=H000965,1922-2007,Representative,Democrat,MO,94(1975-1976),LL.B.,Harvard Law School,1948," Cambridge, Mass."
"HUNGATE, William Leonard",http://bioguide.congress.gov/scripts/biodisplay.pl?index=H000965,1922-2007,Representative,Democrat,MO,94(1975-1976),J.D.,Harvard Law School,1969," Cambridge, Mass."
"HYDE, Henry John",http://bioguide.congress.gov/scripts/biodisplay.pl?index=H001022,1924-2007,Representative,Republican,IL,94(1975-1976),B.S.,Georgetown University,1947," Washington, D.C."
"HYDE, Henry John",http://bioguide.congress.gov/scripts/biodisplay.pl?index=H001022,1924-2007,Representative,Republican,IL,94(1975-1976),J.D.,Loyola University Law School,1949," Chicago, Ill."
"ICHORD, Richard Howard, II",http://bioguide.congress.gov/scripts/biodisplay.pl?index=I000001,1926-1992,Representative,Democrat,MO,94(1975-1976),B.S.,University of Missouri,1949,None
"ICHORD, Richard Howard, II",http://bioguide.congress.gov/scripts/biodisplay.pl?index=I000001,1926-1992,Representative,Democrat,MO,94(1975-1976),J.D.,University of Missouri,1952,None
"JACOBS, Andrew, Jr.",http://bioguide.congress.gov/scripts/biodisplay.pl?index=J000033,1932-2013,Representative,Democrat,IN,94(1975-1976),LL.B.,Indiana University,1958," Indianapolis, Ind."
"JENRETTE, John Wilson, Jr.",http://bioguide.congress.gov/scripts/biodisplay.pl?index=J000099,1936- ,Representative,Democrat,SC,94(1975-1976),B.A.,Wofford College,1958," Wofford, S.C."
"JENRETTE, John Wilson, Jr.",http://bioguide.congress.gov/scripts/biodisplay.pl?index=J000099,1936- ,Representative,Democrat,SC,94(1975-1976),LL.B.,University of South Carolina Law School,1962," Columbia, S.C."
"JOHNSON, James Paul (Jim)",http://bioguide.congress.gov/scripts/biodisplay.pl?index=J000148,1930- ,Representative,Republican,CO,94(1975-1976),B.A.,Northwestern University,1952," Evanston, Ill."
"JOHNSON, James Paul (Jim)",http://bioguide.congress.gov/scripts/biodisplay.pl?index=J000148,1930- ,Representative,Republican,CO,94(1975-1976),LL.B.,University of Colorado,1959," Boulder, Colo."
"JONES, Ed",http://bioguide.congress.gov/scripts/biodisplay.pl?index=J000216,1912-1999,Representative,Democrat,TN,94(1975-1976),B.S.,University of Tennessee,1934,None
"JONES, James Robert",http://bioguide.congress.gov/scripts/biodisplay.pl?index=J000232,1939- ,Representative,Democrat,OK,94(1975-1976),LL.B.,Georgetown University Law Center,1964," Washington, D.C."
"JONES, Walter Beaman, Sr.",http://bioguide.congress.gov/scripts/biodisplay.pl?index=J000256,1913-1992,Representative,Democrat,NC,94(1975-1976),B.S.,North Carolina State University,1934," Raleigh, N.C."
"JORDAN, Barbara Charline",http://bioguide.congress.gov/scripts/biodisplay.pl?index=J000266,1936-1996,Representative,Democrat,TX,94(1975-1976),B.A.,Texas Southern University,1956," Houston, Tex."
"JORDAN, Barbara Charline",http://bioguide.congress.gov/scripts/biodisplay.pl?index=J000266,1936-1996,Representative,Democrat,TX,94(1975-1976),LL.B.,Boston University School of Law,1959, Boston Mass.
"KEMP, Jack French",http://bioguide.congress.gov/scripts/biodisplay.pl?index=K000086,1935-2009,Representative,Republican,NY,94(1975-1976),B.A.,Occidental College,1957," Los Angeles, Calif."
"KEYS, Martha Elizabeth",http://bioguide.congress.gov/scripts/biodisplay.pl?index=K000162,1930- ,Representative,Democrat,KS,94(1975-1976),B.A.,University of Missouri,1951," Kansas City, Mo."
"KINDNESS, Thomas Norman",http://bioguide.congress.gov/scripts/biodisplay.pl?index=K000190,1929-2004,Representative,Republican,OH,94(1975-1976),A.B.,University of Maryland,1951," College Park, Md."
"KINDNESS, Thomas Norman",http://bioguide.congress.gov/scripts/biodisplay.pl?index=K000190,1929-2004,Representative,Republican,OH,94(1975-1976),LL.B.,George Washington University,1953," Washington, D.C."
"KOCH, Edward Irving",http://bioguide.congress.gov/scripts/biodisplay.pl?index=K000302,1924-2013,Representative,Democrat-Liberal,NY,94(1975-1976),LL.B.,New York University Law School,1948,None
"KREBS, John Hans",http://bioguide.congress.gov/scripts/biodisplay.pl?index=K000325,1926-2014,Representative,Democrat,CA,94(1975-1976),A.B.,University of California at Berkeley,1950,None
"KREBS, John Hans",http://bioguide.congress.gov/scripts/biodisplay.pl?index=K000325,1926-2014,Representative,Democrat,CA,94(1975-1976),LL.B.,University of California Hastings College of Law,1957, San Francisco
"KRUEGER, Robert Charles",http://bioguide.congress.gov/scripts/biodisplay.pl?index=K000333,1935- ,Representative,Democrat,TX,94(1975-1976),B.A.,Southern Methodist University,1957," Dallas, Tex."
"KRUEGER, Robert Charles",http://bioguide.congress.gov/scripts/biodisplay.pl?index=K000333,1935- ,Representative,Democrat,TX,94(1975-1976),M.A.,Duke University,1958," Durham, N.C."
"LaFALCE, John Joseph",http://bioguide.congress.gov/scripts/biodisplay.pl?index=L000556,1939- ,Representative,Democrat,NY,94(1975-1976),B.S.,Canisius College,1961," Buffalo, N.Y."
"LaFALCE, John Joseph",http://bioguide.congress.gov/scripts/biodisplay.pl?index=L000556,1939- ,Representative,Democrat,NY,94(1975-1976),J.D.,Villanova Law School,1964," Philadelphia, Pa."
"LAGOMARSINO, Robert John",http://bioguide.congress.gov/scripts/biodisplay.pl?index=L000020,1926- ,Representative,Republican,CA,94(1975-1976),B.A.,University of California,1950," Santa Barbara, Santa Barbara, Calif."
"LAGOMARSINO, Robert John",http://bioguide.congress.gov/scripts/biodisplay.pl?index=L000020,1926- ,Representative,Republican,CA,94(1975-1976),J.D.,University of Santa Clara Law School,1953," Santa Clara, Calif."
"LEHMAN, William",http://bioguide.congress.gov/scripts/biodisplay.pl?index=L000226,1913-2005,Representative,Democrat,FL,94(1975-1976),B.S.,University of Alabama,1934," Tuscaloosa, Ala."
"LENT, Norman Frederick",http://bioguide.congress.gov/scripts/biodisplay.pl?index=L000243,1931-2012,Representative,Republican-Conservative,NY,94(1975-1976),B.A.,Hofstra College,1952," Hempstead, N.Y."
"LENT, Norman Frederick",http://bioguide.congress.gov/scripts/biodisplay.pl?index=L000243,1931-2012,Representative,Republican-Conservative,NY,94(1975-1976),LL.B.,Cornell University Law School,1957," Ithaca, N.Y."
"LLOYD, James Fredrick",http://bioguide.congress.gov/scripts/biodisplay.pl?index=L000379,1922-2012,Representative,Democrat,CA,94(1975-1976),B.A.,Stanford University,1958,None
"LLOYD, James Fredrick",http://bioguide.congress.gov/scripts/biodisplay.pl?index=L000379,1922-2012,Representative,Democrat,CA,94(1975-1976),M.A.,University of Southern California,1966,None
"LONG, Clarence Dickinson",http://bioguide.congress.gov/scripts/biodisplay.pl?index=L000413,1908-1994,Representative,Democrat,MD,94(1975-1976),B.A.,Washington and Jefferson College,1932," Washington, Pa."
"LONG, Clarence Dickinson",http://bioguide.congress.gov/scripts/biodisplay.pl?index=L000413,1908-1994,Representative,Democrat,MD,94(1975-1976),M.A.,Princeton University,1935," Princeton, N.J."
"LONG, Clarence Dickinson",http://bioguide.congress.gov/scripts/biodisplay.pl?index=L000413,1908-1994,Representative,Democrat,MD,94(1975-1976),Ph.D.,Princeton University,1938," Princeton, N.J."
"LUJÁN, Manuel, Jr.",http://bioguide.congress.gov/scripts/biodisplay.pl?index=L000506,1928- ,Representative,Republican,NM,94(1975-1976),B.A.,College of Santa Fe,1950," Santa Fe, N.Mex."
"MANN, James Robert",http://bioguide.congress.gov/scripts/biodisplay.pl?index=M000105,1920-2010,Representative,Democrat,SC,94(1975-1976),B.A.,The Citadel,1941," Charleston, S.C."
"MANN, James Robert",http://bioguide.congress.gov/scripts/biodisplay.pl?index=M000105,1920-2010,Representative,Democrat,SC,94(1975-1976),LL.B.,University of South Carolina Law School,1947," Columbia, S.C."
"MARKEY, Edward John",http://bioguide.congress.gov/scripts/biodisplay.pl?index=M000133,1946- ,Representative,Democrat,MA,94(1975-1976),B.A.,Boston College,1968," Chestnut Hill, Mass."
"MARKEY, Edward John",http://bioguide.congress.gov/scripts/biodisplay.pl?index=M000133,1946- ,Representative,Democrat,MA,94(1975-1976),J.D.,Boston College Law School,1972," Chestnut Hill, Mass."
"MAZZOLI, Romano Louis",http://bioguide.congress.gov/scripts/biodisplay.pl?index=M000291,1932- ,Representative,Democrat,KY,94(1975-1976),B.S.,University of Notre Dame,1954," South Bend, Ind."
"MAZZOLI, Romano Louis",http://bioguide.congress.gov/scripts/biodisplay.pl?index=M000291,1932- ,Representative,Democrat,KY,94(1975-1976),J.D.,University of Louisville Law School,1960,None
"McCLOSKEY, Paul Norton , Jr. (Pete)",http://bioguide.congress.gov/scripts/biodisplay.pl?index=M000343,1927- ,Representative,Republican,CA,94(1975-1976),B.A.,Stanford University,1950," Stanford, Calif."
"McCOLLISTER, John Yetter",http://bioguide.congress.gov/scripts/biodisplay.pl?index=M000349,1921-2013,Representative,Republican,NE,94(1975-1976),B.S.,University of Iowa,1943," Iowa City, Iowa"
"McCORMACK, Mike",http://bioguide.congress.gov/scripts/biodisplay.pl?index=M000365,1921- ,Representative,Democrat,WA,94(1975-1976),B.S.,Washington State University,1948," Pullman, Wash."
"McDADE, Joseph Michael",http://bioguide.congress.gov/scripts/biodisplay.pl?index=M000399,1931- ,Representative,Republican,PA,94(1975-1976),LL.B.,University of Pennsylvania,1956,None
"McKAY, Koln Gunn",http://bioguide.congress.gov/scripts/biodisplay.pl?index=M000490,1925-2000,Representative,Democrat,UT,94(1975-1976),B.S.,Utah State University,1962, Logan
"McKINNEY, Stewart Brett",http://bioguide.congress.gov/scripts/biodisplay.pl?index=M000527,1931-1987,Representative,Republican,CT,94(1975-1976),B.A.,Yale University,1958,None
"METCALFE, Ralph Harold",http://bioguide.congress.gov/scripts/biodisplay.pl?index=M000675,1910-1978,Representative,Democrat,IL,94(1975-1976),Ph.B.,Marquette University,1936," Milwaukee, Wis."
"METCALFE, Ralph Harold",http://bioguide.congress.gov/scripts/biodisplay.pl?index=M000675,1910-1978,Representative,Democrat,IL,94(1975-1976),M.A.,University of Southern California,1939,None
"MEYNER, Helen Stevenson",http://bioguide.congress.gov/scripts/biodisplay.pl?index=M000685,1929-1997,Representative,Democrat,NJ,94(1975-1976),B.A.,Colorado College,1950," Colorado Springs, Co."
"MEZVINSKY, Edward Maurice",http://bioguide.congress.gov/scripts/biodisplay.pl?index=M000686,1937- ,Representative,Democrat,IA,94(1975-1976),B.A.,University of Iowa,1960, Iowa City
"MEZVINSKY, Edward Maurice",http://bioguide.congress.gov/scripts/biodisplay.pl?index=M000686,1937- ,Representative,Democrat,IA,94(1975-1976),M.A.,political science,1963," University of California, Berkeley"
"MEZVINSKY, Edward Maurice",http://bioguide.congress.gov/scripts/biodisplay.pl?index=M000686,1937- ,Representative,Democrat,IA,94(1975-1976),J.D.,the same university,1965,None
"MICHEL, Robert Henry",http://bioguide.congress.gov/scripts/biodisplay.pl?index=M000692,1923- ,Representative,Republican,IL,94(1975-1976),B.S.,Bradley University,1948," Peoria, Ill."
"MIKVA, Abner Joseph",http://bioguide.congress.gov/scripts/biodisplay.pl?index=M000703,1926- ,Representative,Democrat,IL,94(1975-1976),J.D.,University of Chicago Law School,1951," Chicago, Ill."
"MILLER, George",http://bioguide.congress.gov/scripts/biodisplay.pl?index=M000725,1945- ,Representative,Democrat,CA,94(1975-1976),A.A.,Diablo Valley College,1965," Pleasant Hill, Calif."
"MILLER, George",http://bioguide.congress.gov/scripts/biodisplay.pl?index=M000725,1945- ,Representative,Democrat,CA,94(1975-1976),A.B.,San Francisco State University,1968," San Francisco, Calif."
"MILLER, George",http://bioguide.congress.gov/scripts/biodisplay.pl?index=M000725,1945- ,Representative,Democrat,CA,94(1975-1976),J.D.,University of California Law School,1972," Davis, Calif."
"MINETA, Norman Y.",http://bioguide.congress.gov/scripts/biodisplay.pl?index=M000794,1931- ,Representative,Democrat,CA,94(1975-1976),B.S.,University of California,1953, Berkeley
"MINK, Patsy Takemoto",http://bioguide.congress.gov/scripts/biodisplay.pl?index=M000797,1927-2002,Representative,Democrat,HI,94(1975-1976),B.A.,University of Hawaii,1948," Manoa, Hawaii"
"MINK, Patsy Takemoto",http://bioguide.congress.gov/scripts/biodisplay.pl?index=M000797,1927-2002,Representative,Democrat,HI,94(1975-1976),J.D.,University of Chicago Law School,1951," Chicago, Ill."
"MITCHELL, Donald Jerome",http://bioguide.congress.gov/scripts/biodisplay.pl?index=M000808,1923-2003,Representative,Republican,NY,94(1975-1976),B.S.,Columbia University,1949," New York, N.Y."
"MITCHELL, Parren James",http://bioguide.congress.gov/scripts/biodisplay.pl?index=M000826,1922-2007,Representative,Democrat,MD,94(1975-1976),A.B.,Morgan State College,1950,None
"MITCHELL, Parren James",http://bioguide.congress.gov/scripts/biodisplay.pl?index=M000826,1922-2007,Representative,Democrat,MD,94(1975-1976),M.A.,University of Maryland,1952, College Park
"MOAKLEY, John Joseph",http://bioguide.congress.gov/scripts/biodisplay.pl?index=M000834,1927-2001,Representative,Democrat,MA,94(1975-1976),LL.B.,Suffolk University Law School,1956," Boston, Mass."
"MOORHEAD, Carlos John",http://bioguide.congress.gov/scripts/biodisplay.pl?index=M000926,1922-2011,Representative,Republican,CA,94(1975-1976),B.A.,University of California,1943, Los Angeles
"MOORHEAD, Carlos John",http://bioguide.congress.gov/scripts/biodisplay.pl?index=M000926,1922-2011,Representative,Republican,CA,94(1975-1976),J.D.,University of Southern California School of Law,1949, Los Angeles
"MOSHER, Charles Adams",http://bioguide.congress.gov/scripts/biodisplay.pl?index=M001031,1906-1984,Representative,Republican,OH,94(1975-1976),M.A.,Oberlin College,1982,None
"MOTTL, Ronald Milton",http://bioguide.congress.gov/scripts/biodisplay.pl?index=M001044,1934- ,Representative,Democrat,OH,94(1975-1976),B.S.,University of Notre Dame,1956," South Bend, Ind."
"MOTTL, Ronald Milton",http://bioguide.congress.gov/scripts/biodisplay.pl?index=M001044,1934- ,Representative,Democrat,OH,94(1975-1976),LL.B.,University of Notre Dame,1957," South Bend, Ind."
"MURPHY, Morgan Francis",http://bioguide.congress.gov/scripts/biodisplay.pl?index=M001101,1932- ,Representative,Democrat,IL,94(1975-1976),B.S.,Northwestern University,1955," Evanston, Ill."
"MURPHY, Morgan Francis",http://bioguide.congress.gov/scripts/biodisplay.pl?index=M001101,1932- ,Representative,Democrat,IL,94(1975-1976),J.D.,DePaul University School of Law,1962," Chicago, Ill."
"MURTHA, John Patrick, Jr.",http://bioguide.congress.gov/scripts/biodisplay.pl?index=M001120,1932-2010,Representative,Democrat,PA,94(1975-1976),B.A.,University of Pittsburgh,1962," Pittsburgh, Pa."
"MYERS, Gary Arthur",http://bioguide.congress.gov/scripts/biodisplay.pl?index=M001128,1937- ,Representative,Republican,PA,94(1975-1976),B.S.,University of Cincinnati,1960,None
"MYERS, Gary Arthur",http://bioguide.congress.gov/scripts/biodisplay.pl?index=M001128,1937- ,Representative,Republican,PA,94(1975-1976),M.B.A.,University of Pittsburgh,1964,None
"MYERS, John Thomas",http://bioguide.congress.gov/scripts/biodisplay.pl?index=M001130,1927-2015,Representative,Republican,IN,94(1975-1976),B.S.,Indiana State University,1951," Terre Haute, Ind."
"NATCHER, William Huston",http://bioguide.congress.gov/scripts/biodisplay.pl?index=N000009,1909-1994,Representative,Democrat,KY,94(1975-1976),B.A.,Western Kentucky State College,1933," Bowling Green, Ky., 1930 and from Ohio State University, Columbus, Ohio, LL.B."
"NEAL, Stephen Lybrook",http://bioguide.congress.gov/scripts/biodisplay.pl?index=N000016,1934- ,Representative,Democrat,NC,94(1975-1976),A.B.,University of Hawaii,1959, Honolulu
"NEDZI, Lucien Norbert",http://bioguide.congress.gov/scripts/biodisplay.pl?index=N000019,1925- ,Representative,Democrat,MI,94(1975-1976),B.A.,University of Michigan,1948," Ann Arbor, Mich."
"NEDZI, Lucien Norbert",http://bioguide.congress.gov/scripts/biodisplay.pl?index=N000019,1925- ,Representative,Democrat,MI,94(1975-1976),J.D.,University of Michigan Law School,1951," Ann Arbor, Mich."
"NICHOLS, William Flynt",http://bioguide.congress.gov/scripts/biodisplay.pl?index=N000095,1918-1988,Representative,Democrat,AL,94(1975-1976),B.S.,Auburn University,1939,None
"NIX, Robert Nelson Cornelius, Sr.",http://bioguide.congress.gov/scripts/biodisplay.pl?index=N000113,1898-1987,Representative,Democrat,PA,94(1975-1976),B.A.,Lincoln University,1921," Oxford, Pa."
"NOLAN, Richard Michael",http://bioguide.congress.gov/scripts/biodisplay.pl?index=N000127,1943- ,Representative,Democrat,MN,94(1975-1976),B.A.,University of Minnesota,1966,None
"NOWAK, Henry James",http://bioguide.congress.gov/scripts/biodisplay.pl?index=N000163,1935- ,Representative,Democrat,NY,94(1975-1976),B.A.,Canisius College,1957, Buffalo
"NOWAK, Henry James",http://bioguide.congress.gov/scripts/biodisplay.pl?index=N000163,1935- ,Representative,Democrat,NY,94(1975-1976),J.D.,University of Buffalo Law School,1961,None
"OBERSTAR, James Louis",http://bioguide.congress.gov/scripts/biodisplay.pl?index=O000006,1934-2014,Representative,Democrat,MN,94(1975-1976),M.A.,College of Europe,1957," Bruges, Belgium"
"OBEY, David Ross",http://bioguide.congress.gov/scripts/biodisplay.pl?index=O000007,1938- ,Representative,Democrat,WI,94(1975-1976),B.S.,University of Wisconsin,1960," Madison, Wis."
"OBEY, David Ross",http://bioguide.congress.gov/scripts/biodisplay.pl?index=O000007,1938- ,Representative,Democrat,WI,94(1975-1976),M.A.,University of Wisconsin,1962," Madison, Wis."
"OTTINGER, Richard Lawrence",http://bioguide.congress.gov/scripts/biodisplay.pl?index=O000134,1929- ,Representative,Democrat,NY,94(1975-1976),B.A.,Cornell University,1950,None
"PATTISON, Edward Worthington",http://bioguide.congress.gov/scripts/biodisplay.pl?index=P000134,1932-1990,Representative,Democrat,NY,94(1975-1976),A.B.,Cornell University,1953, Ithaca
"PATTISON, Edward Worthington",http://bioguide.congress.gov/scripts/biodisplay.pl?index=P000134,1932-1990,Representative,Democrat,NY,94(1975-1976),LL.B.,same university,1957,None
"PAUL, Ronald Ernest",http://bioguide.congress.gov/scripts/biodisplay.pl?index=P000583,1935- ,Representative,Republican,TX,94(1975-1976),B.A.,Gettysburg College,1957," Gettysburg, Pa."
"PAUL, Ronald Ernest",http://bioguide.congress.gov/scripts/biodisplay.pl?index=P000583,1935- ,Representative,Republican,TX,94(1975-1976),M.D.,Duke University Medical Center,1961," Durham, N.C."
"PEYSER, Peter A.",http://bioguide.congress.gov/scripts/biodisplay.pl?index=P000280,1921-2014,Representative,Republican,NY,94(1975-1976),B.A.,Colgate University,1943," Hamilton, N.Y."
"PICKLE, James Jarrell (Jake)",http://bioguide.congress.gov/scripts/biodisplay.pl?index=P000328,1913-2005,Representative,Democrat,TX,94(1975-1976),B.A.,University of Texas,1938," Austin, Tex."
"PIKE, Otis Grey",http://bioguide.congress.gov/scripts/biodisplay.pl?index=P000348,1921-2014,Representative,Democrat,NY,94(1975-1976),A.B.,Princeton University,1946,None
"PIKE, Otis Grey",http://bioguide.congress.gov/scripts/biodisplay.pl?index=P000348,1921-2014,Representative,Democrat,NY,94(1975-1976),LL.B.,Columbia University Law School,1948,None
"PREYER, Lunsford Richardson",http://bioguide.congress.gov/scripts/biodisplay.pl?index=P000520,1919-2001,Representative,Democrat,NC,94(1975-1976),A.B.,Princeton University,1941," Princeton, N.J."
"PREYER, Lunsford Richardson",http://bioguide.congress.gov/scripts/biodisplay.pl?index=P000520,1919-2001,Representative,Democrat,NC,94(1975-1976),L.L.B.,Harvard Law School,1949," Cambridge, Mass."
"RAILSBACK, Thomas Fisher",http://bioguide.congress.gov/scripts/biodisplay.pl?index=R000012,1932- ,Representative,Republican,IL,94(1975-1976),B.A.,Grinnell College,1954," Grinnell, Iowa"
"RAILSBACK, Thomas Fisher",http://bioguide.congress.gov/scripts/biodisplay.pl?index=R000012,1932- ,Representative,Republican,IL,94(1975-1976),J.D.,Northwestern University School of Law,1957," Chicago, Ill."
"RANGEL, Charles B.",http://bioguide.congress.gov/scripts/biodisplay.pl?index=R000053,1930- ,Representative,Democrat,NY,94(1975-1976),B.S.,New York University School of Commerce,1957," New York, N.Y."
"REES, Thomas Mankell",http://bioguide.congress.gov/scripts/biodisplay.pl?index=R000134,1925-2003,Representative,Democrat,CA,94(1975-1976),B.A.,Occidental College,1950," Los Angeles, Calif."
"REGULA, Ralph Straus",http://bioguide.congress.gov/scripts/biodisplay.pl?index=R000141,1924- ,Representative,Republican,OH,94(1975-1976),B.A.,Mount Union College,1948," Alliance, Ohio"
"REGULA, Ralph Straus",http://bioguide.congress.gov/scripts/biodisplay.pl?index=R000141,1924- ,Representative,Republican,OH,94(1975-1976),LL.B.,William McKinley School of Law,1952," Canton, Ohio"
"REUSS, Henry Schoellkopf",http://bioguide.congress.gov/scripts/biodisplay.pl?index=R000165,1912-2002,Representative,Democrat,WI,94(1975-1976),A.B.,Cornell University,1933," Ithaca, N.Y."
"REUSS, Henry Schoellkopf",http://bioguide.congress.gov/scripts/biodisplay.pl?index=R000165,1912-2002,Representative,Democrat,WI,94(1975-1976),L.L.B.,Harvard University,1936," Cambridge, Mass."
"RINALDO, Matthew John",http://bioguide.congress.gov/scripts/biodisplay.pl?index=R000262,1931-2008,Representative,Republican,NJ,94(1975-1976),B.S.,Rutgers University,1953," New Brunswick, N.J."
"RINALDO, Matthew John",http://bioguide.congress.gov/scripts/biodisplay.pl?index=R000262,1931-2008,Representative,Republican,NJ,94(1975-1976),M.B.A.,Seton Hall University Graduate School of Business Administration,1959," South Orange, N.J."
"RINALDO, Matthew John",http://bioguide.congress.gov/scripts/biodisplay.pl?index=R000262,1931-2008,Representative,Republican,NJ,94(1975-1976),D.P.A.,New York University,1979, School of Public Administration
"RISENHOOVER, Theodore Marshall",http://bioguide.congress.gov/scripts/biodisplay.pl?index=R000268,1934-2006,Representative,Democrat,OK,94(1975-1976),B.A.,Northeastern Oklahoma State University,1965,None
"ROBINSON, James Kenneth",http://bioguide.congress.gov/scripts/biodisplay.pl?index=R000337,1916-1990,Representative,Republican,VA,94(1975-1976),B.S.,Virginia Polytechnic Institute,1937," Blacksburg, Va."
"ROGERS, Paul Grant",http://bioguide.congress.gov/scripts/biodisplay.pl?index=R000401,1921-2008,Representative,Democrat,FL,94(1975-1976),J.D.,University of Florida,1948," Gainesville, Fla."
"ROONEY, Frederick Bernard",http://bioguide.congress.gov/scripts/biodisplay.pl?index=R000423,1925- ,Representative,Democrat,PA,94(1975-1976),B.A.,University of Georgia at Athens,1950,None
"ROSE, Charles Grandison, III",http://bioguide.congress.gov/scripts/biodisplay.pl?index=R000436,1939-2012,Representative,Democrat,NC,94(1975-1976),LL.B.,University of North Carolina Law School,1964, Chapel Hill
"ROSENTHAL, Benjamin Stanley",http://bioguide.congress.gov/scripts/biodisplay.pl?index=R000442,1923-1983,Representative,Democrat,NY,94(1975-1976),LL.B.,Brooklyn Law School,1949,None
"ROSENTHAL, Benjamin Stanley",http://bioguide.congress.gov/scripts/biodisplay.pl?index=R000442,1923-1983,Representative,Democrat,NY,94(1975-1976),LL.M.,New York University,1952,None
"ROUSH, John Edward",http://bioguide.congress.gov/scripts/biodisplay.pl?index=R000467,1920-2004,Representative,Democrat,IN,94(1975-1976),A.B.,Huntington College,1942," Huntington, Ind."
"ROUSH, John Edward",http://bioguide.congress.gov/scripts/biodisplay.pl?index=R000467,1920-2004,Representative,Democrat,IN,94(1975-1976),LL.B.,Indiana University School of Law,1949," Bloomington, Ind."
"ROUSSELOT, John Harbin",http://bioguide.congress.gov/scripts/biodisplay.pl?index=R000469,1927-2003,Representative,Republican,CA,94(1975-1976),B.A.,Principia College,1949," Elsah, Ill."
"RYAN, Leo Joseph",http://bioguide.congress.gov/scripts/biodisplay.pl?index=R000558,1925-1978,Representative,Democrat,CA,94(1975-1976),A.B.,Creighton University,1949," Omaha, Nebr."
"RYAN, Leo Joseph",http://bioguide.congress.gov/scripts/biodisplay.pl?index=R000558,1925-1978,Representative,Democrat,CA,94(1975-1976),M.S.,same university,1951,None
"SANTINI, James David",http://bioguide.congress.gov/scripts/biodisplay.pl?index=S000058,1937- ,Representative,Democrat,NV,94(1975-1976),B.S.,University of Nevada,1959, Reno
"SANTINI, James David",http://bioguide.congress.gov/scripts/biodisplay.pl?index=S000058,1937- ,Representative,Democrat,NV,94(1975-1976),J.D.,Hastings College of Law,1962," San Francisco, Calif."
"SCHEUER, James Haas",http://bioguide.congress.gov/scripts/biodisplay.pl?index=S000124,1920-2005,Representative,Democrat-Liberal,NY,94(1975-1976),A.B.,Swarthmore College,1942," Swarthmore, Pa."
"SCHEUER, James Haas",http://bioguide.congress.gov/scripts/biodisplay.pl?index=S000124,1920-2005,Representative,Democrat-Liberal,NY,94(1975-1976),L.L.B.,Columbia University Law School,1948," New York, N.Y."
"SCHEUER, James Haas",http://bioguide.congress.gov/scripts/biodisplay.pl?index=S000124,1920-2005,Representative,Democrat-Liberal,NY,94(1975-1976),I.A.,Harvard Graduate School of Business Administration,1945," Cambridge, Mass."
"SCHROEDER, Patricia Scott",http://bioguide.congress.gov/scripts/biodisplay.pl?index=S000142,1940- ,Representative,Democrat,CO,94(1975-1976),B.A.,University of Minnesota,1961," Minneapolis, Minn."
"SCHROEDER, Patricia Scott",http://bioguide.congress.gov/scripts/biodisplay.pl?index=S000142,1940- ,Representative,Democrat,CO,94(1975-1976),J.D.,Harvard Law School,1964," Cambridge, Mass."
"SEBELIUS, Keith George",http://bioguide.congress.gov/scripts/biodisplay.pl?index=S000217,1916-1982,Representative,Republican,KS,94(1975-1976),A.B.,Fort Hays Kansas State College,1941,None
"SEBELIUS, Keith George",http://bioguide.congress.gov/scripts/biodisplay.pl?index=S000217,1916-1982,Representative,Republican,KS,94(1975-1976),J.D.,George Washington University Law School,1939,None
"SEIBERLING, John Frederick",http://bioguide.congress.gov/scripts/biodisplay.pl?index=S000230,1918-2008,Representative,Democrat,OH,94(1975-1976),A.B.,Harvard University,1941," Cambridge, Mass."
"SEIBERLING, John Frederick",http://bioguide.congress.gov/scripts/biodisplay.pl?index=S000230,1918-2008,Representative,Democrat,OH,94(1975-1976),LL.B.,Columbia Law School,1949," New York, N.Y."
"SHARP, Philip Riley",http://bioguide.congress.gov/scripts/biodisplay.pl?index=S000294,1942- ,Representative,Democrat,IN,94(1975-1976),B.S.,Georgetown University School of  Foreign Service,1964," Washington, D.C."
"SHARP, Philip Riley",http://bioguide.congress.gov/scripts/biodisplay.pl?index=S000294,1942- ,Representative,Democrat,IN,94(1975-1976),Ph.D.,Georgetown University,1974,None
"SHUSTER, E. G. (Bud)",http://bioguide.congress.gov/scripts/biodisplay.pl?index=S000394,1932- ,Representative,Republican,PA,94(1975-1976),B.S.,University of Pittsburgh,1954, Pa.
"SHUSTER, E. G. (Bud)",http://bioguide.congress.gov/scripts/biodisplay.pl?index=S000394,1932- ,Representative,Republican,PA,94(1975-1976),M.B.A.,Duquesne University,1960," Pittsburgh, Pa."
"SHUSTER, E. G. (Bud)",http://bioguide.congress.gov/scripts/biodisplay.pl?index=S000394,1932- ,Representative,Republican,PA,94(1975-1976),Ph.D.,American University,1967," Washington, D.C."
"SIKES, Robert Lee Fulton",http://bioguide.congress.gov/scripts/biodisplay.pl?index=S000406,1906-1994,Representative,Democrat,FL,94(1975-1976),B.S.,University of Georgia,1927," Athens, Ga."
"SIKES, Robert Lee Fulton",http://bioguide.congress.gov/scripts/biodisplay.pl?index=S000406,1906-1994,Representative,Democrat,FL,94(1975-1976),MS.,University of Florida,1929," Gainesville, Fla."
"SMITH, Virginia Dodd",http://bioguide.congress.gov/scripts/biodisplay.pl?index=S000622,1911-2006,Representative,Republican,NE,94(1975-1976),B.A.,University of Nebraska,1936, Lincoln
"SOLARZ, Stephen Joshua",http://bioguide.congress.gov/scripts/biodisplay.pl?index=S000673,1940-2010,Representative,Democrat,NY,94(1975-1976),B.A.,Brandeis University,1962," Waltham, Mass."
"SOLARZ, Stephen Joshua",http://bioguide.congress.gov/scripts/biodisplay.pl?index=S000673,1940-2010,Representative,Democrat,NY,94(1975-1976),M.A.,public law and government,1967," Columbia University, New York"
"SPENCE, Floyd Davidson",http://bioguide.congress.gov/scripts/biodisplay.pl?index=S000718,1928-2001,Representative,Republican,SC,94(1975-1976),B.A.,University of South Carolina,1952," Columbia, S.C."
"SPENCE, Floyd Davidson",http://bioguide.congress.gov/scripts/biodisplay.pl?index=S000718,1928-2001,Representative,Republican,SC,94(1975-1976),LL.B.,University of South Carolina,1956," Columbia, S.C."
"STANTON, James Vincent",http://bioguide.congress.gov/scripts/biodisplay.pl?index=S000803,1932- ,Representative,Democrat,OH,94(1975-1976),A.B.,University of Dayton,1958," Dayton, Ohio"
"STANTON, James Vincent",http://bioguide.congress.gov/scripts/biodisplay.pl?index=S000803,1932- ,Representative,Democrat,OH,94(1975-1976),A.M.P.,Harvard University Business School,1984," Cambridge, Mass."
"STARK, Fortney Hillman (Pete), Jr.",http://bioguide.congress.gov/scripts/biodisplay.pl?index=S000810,1931- ,Representative,Democrat,CA,94(1975-1976),B.S.,Massachusetts Institute of Technology,1953," Cambridge, Mass."
"STARK, Fortney Hillman (Pete), Jr.",http://bioguide.congress.gov/scripts/biodisplay.pl?index=S000810,1931- ,Representative,Democrat,CA,94(1975-1976),M.B.A.,University of California,1960," Berkeley, Calif."
"STEIGER, William Albert",http://bioguide.congress.gov/scripts/biodisplay.pl?index=S000847,1938-1978,Representative,Republican,WI,94(1975-1976),B.S.,University of Wisconsin,1960,None
"STEPHENS, Robert Grier, Jr.",http://bioguide.congress.gov/scripts/biodisplay.pl?index=S000860,1913-2003,Representative,Democrat,GA,94(1975-1976),A.B.,University of Georgia,1935," Athens, Ga."
"STEPHENS, Robert Grier, Jr.",http://bioguide.congress.gov/scripts/biodisplay.pl?index=S000860,1913-2003,Representative,Democrat,GA,94(1975-1976),M.A.,University of Georgia,1937," Athens, Ga."
"STEPHENS, Robert Grier, Jr.",http://bioguide.congress.gov/scripts/biodisplay.pl?index=S000860,1913-2003,Representative,Democrat,GA,94(1975-1976),LL.B.,University of Georgia Law School,1941," Athens, Ga."
"STOKES, Louis",http://bioguide.congress.gov/scripts/biodisplay.pl?index=S000948,1925- ,Representative,Democrat,OH,94(1975-1976),J.D.,Cleveland Marshall Law School,1953,None
"STUCKEY, Williamson Sylvester, Jr.",http://bioguide.congress.gov/scripts/biodisplay.pl?index=S001039,1935- ,Representative,Democrat,GA,94(1975-1976),B.B.A.,University of Georgia,1956," Athens, Ga."
"STUCKEY, Williamson Sylvester, Jr.",http://bioguide.congress.gov/scripts/biodisplay.pl?index=S001039,1935- ,Representative,Democrat,GA,94(1975-1976),LL.B.,University of Georgia,1959," Athens, Ga."
"STUDDS, Gerry Eastman",http://bioguide.congress.gov/scripts/biodisplay.pl?index=S001040,1937-2006,Representative,Democrat,MA,94(1975-1976),M.A.T.,history,1961, same university
"SYMINGTON, James Wadsworth",http://bioguide.congress.gov/scripts/biodisplay.pl?index=S001134,1927- ,Representative,Democrat,MO,94(1975-1976),B.A.,Yale,1950,None
"SYMINGTON, James Wadsworth",http://bioguide.congress.gov/scripts/biodisplay.pl?index=S001134,1927- ,Representative,Democrat,MO,94(1975-1976),LL.B.,Columbia Law School,1954,None
"TAYLOR, Roy Arthur",http://bioguide.congress.gov/scripts/biodisplay.pl?index=T000099,1910-1995,Representative,Democrat,NC,94(1975-1976),J.D.,Asheville University Law School,1936," Asheville, N.C."
"TEAGUE, Olin Earl",http://bioguide.congress.gov/scripts/biodisplay.pl?index=T000110,1910-1981,Representative,Democrat,TX,94(1975-1976),B.A.,Texas Agricultural and Mechanical College at College Station,1932,None
"THONE, Charles",http://bioguide.congress.gov/scripts/biodisplay.pl?index=T000234,1924- ,Representative,Republican,NE,94(1975-1976),J.D.,University of Nebraska Law School,1950, Lincoln
"TRAXLER, Jerome Bob",http://bioguide.congress.gov/scripts/biodisplay.pl?index=T000356,1931- ,Representative,Democrat,MI,94(1975-1976),B.A.,Michigan State University,1953," East Lansing, Mich."
"TRAXLER, Jerome Bob",http://bioguide.congress.gov/scripts/biodisplay.pl?index=T000356,1931- ,Representative,Democrat,MI,94(1975-1976),LL.B.,Detroit College of Law,1959," Detroit, Mich."
"TREEN, David Conner",http://bioguide.congress.gov/scripts/biodisplay.pl?index=T000362,1928-2009,Representative,Republican,LA,94(1975-1976),B.A.,Tulane University,1948, New Orleans
"TREEN, David Conner",http://bioguide.congress.gov/scripts/biodisplay.pl?index=T000362,1928-2009,Representative,Republican,LA,94(1975-1976),J.D.,Tulane University Law School,1950,None
"UDALL, Morris King",http://bioguide.congress.gov/scripts/biodisplay.pl?index=U000001,1922-1998,Representative,Democrat,AZ,94(1975-1976),J.D.,University of Arizona,1949,None
"ULLMAN, Albert Conrad",http://bioguide.congress.gov/scripts/biodisplay.pl?index=U000004,1914-1986,Representative,Democrat,OR,94(1975-1976),M.A.,Columbia University,1939, New York City
"VAN DEERLIN, Lionel",http://bioguide.congress.gov/scripts/biodisplay.pl?index=V000024,1914-2008,Representative,Democrat,CA,94(1975-1976),B.A.,University of Southern California,1937," Los Angeles, Calif."
"VANDER JAGT, Guy Adrian",http://bioguide.congress.gov/scripts/biodisplay.pl?index=V000027,1931-2007,Representative,Republican,MI,94(1975-1976),B.A.,Hope College,1953," Holland, Mich."
"VANDER JAGT, Guy Adrian",http://bioguide.congress.gov/scripts/biodisplay.pl?index=V000027,1931-2007,Representative,Republican,MI,94(1975-1976),B.D.,Yale University,1955," New Haven, Conn."
"VANDER JAGT, Guy Adrian",http://bioguide.congress.gov/scripts/biodisplay.pl?index=V000027,1931-2007,Representative,Republican,MI,94(1975-1976),J.D.,University of Michigan,1960,None
"VANDER VEEN, Richard Franklin",http://bioguide.congress.gov/scripts/biodisplay.pl?index=V000029,1922-2006,Representative,Democrat,MI,94(1975-1976),B.S.,University of South Carolina,1946, Columbia
"VANDER VEEN, Richard Franklin",http://bioguide.congress.gov/scripts/biodisplay.pl?index=V000029,1922-2006,Representative,Democrat,MI,94(1975-1976),LL.B.,Harvard Law School,1949,None
"VIGORITO, Joseph Phillip",http://bioguide.congress.gov/scripts/biodisplay.pl?index=V000098,1918-2003,Representative,Democrat,PA,94(1975-1976),B.S.,Wharton School of Finance,1947," University of Pennsylvania, Philadelphia, Pa."
"VIGORITO, Joseph Phillip",http://bioguide.congress.gov/scripts/biodisplay.pl?index=V000098,1918-2003,Representative,Democrat,PA,94(1975-1976),M.B.A.,University of Denver,1949," Denver, Colo."
"WALSH, William Francis",http://bioguide.congress.gov/scripts/biodisplay.pl?index=W000107,1912-2011,Representative,Republican-Conservative,NY,94(1975-1976),M.A.,social work,1949, University of Buffalo
"WAXMAN, Henry Arnold",http://bioguide.congress.gov/scripts/biodisplay.pl?index=W000215,1939- ,Representative,Democrat,CA,94(1975-1976),B.A.,University of California,1961," Los Angeles, Calif."
"WAXMAN, Henry Arnold",http://bioguide.congress.gov/scripts/biodisplay.pl?index=W000215,1939- ,Representative,Democrat,CA,94(1975-1976),J.D.,University of California,1964," Los Angeles, Calif."
"WEAVER, James Howard",http://bioguide.congress.gov/scripts/biodisplay.pl?index=W000227,1927- ,Representative,Democrat,OR,94(1975-1976),B.S.,University of Oregon,1952, Eugene
"WHITEHURST, George William",http://bioguide.congress.gov/scripts/biodisplay.pl?index=W000406,1925- ,Representative,Republican,VA,94(1975-1976),B.A.,Washington and Lee University,1950," Lexington, Va."
"WHITEHURST, George William",http://bioguide.congress.gov/scripts/biodisplay.pl?index=W000406,1925- ,Representative,Republican,VA,94(1975-1976),M.A.,University of Virginia,1951," Charlottesville, Va."
"WHITEHURST, George William",http://bioguide.congress.gov/scripts/biodisplay.pl?index=W000406,1925- ,Representative,Republican,VA,94(1975-1976),Ph.D.,West Virginia University,1962," Morgantown, W.Va."
"WIGGINS, Charles Edward",http://bioguide.congress.gov/scripts/biodisplay.pl?index=W000448,1927-2000,Representative,Republican,CA,94(1975-1976),B.S.,University of Southern California,1953," Los Angeles, Calif."
"WIGGINS, Charles Edward",http://bioguide.congress.gov/scripts/biodisplay.pl?index=W000448,1927-2000,Representative,Republican,CA,94(1975-1976),LL.B.,University of Southern California,1956, Los Angeles. Calif.
"WINN, Edward Lawrence, Jr. (Larry)",http://bioguide.congress.gov/scripts/biodisplay.pl?index=W000636,1919- ,Representative,Republican,KS,94(1975-1976),B.A.,University of Kansas,1941," Lawrence, Kans."
"WYDLER, John Waldemar",http://bioguide.congress.gov/scripts/biodisplay.pl?index=W000780,1924-1987,Representative,Republican,NY,94(1975-1976),LL.B.,Harvard University Law School,1950,None
"WYLIE, Chalmers Pangburn",http://bioguide.congress.gov/scripts/biodisplay.pl?index=W000781,1920-1998,Representative,Republican,OH,94(1975-1976),J.D.,Harvard Law School,1948,None
"YATES, Sidney Richard",http://bioguide.congress.gov/scripts/biodisplay.pl?index=Y000013,1909-2000,Representative,Democrat,IL,94(1975-1976),B.A.,University of Chicago,1931," Chicago, Ill."
"YATES, Sidney Richard",http://bioguide.congress.gov/scripts/biodisplay.pl?index=Y000013,1909-2000,Representative,Democrat,IL,94(1975-1976),J.D.,University of Chicago,1933," Chicago, Ill."
"YOUNG, Andrew Jackson, Jr.",http://bioguide.congress.gov/scripts/biodisplay.pl?index=Y000028,1932- ,Representative,Democrat,GA,94(1975-1976),B.S.,Howard University,1951,None
"YOUNG, Andrew Jackson, Jr.",http://bioguide.congress.gov/scripts/biodisplay.pl?index=Y000028,1932- ,Representative,Democrat,GA,94(1975-1976),B.D.,Hartford Theological Seminary,1955,None
"YOUNG, Donald Edwin",http://bioguide.congress.gov/scripts/biodisplay.pl?index=Y000033,1933- ,Representative,Republican,AK,94(1975-1976),A.A.,Yuba Junior College,1952," Marysville, Calif."
"YOUNG, Donald Edwin",http://bioguide.congress.gov/scripts/biodisplay.pl?index=Y000033,1933- ,Representative,Republican,AK,94(1975-1976),B.A.,California State University,1958," Chico, Calif."
"YOUNG, John Andrew",http://bioguide.congress.gov/scripts/biodisplay.pl?index=Y000043,1916-2002,Representative,Democrat,TX,94(1975-1976),L.L.B.,University of Texas School of Law,1940,None
"ZABLOCKI, Clement John",http://bioguide.congress.gov/scripts/biodisplay.pl?index=Z000001,1912-1983,Representative,Democrat,WI,94(1975-1976),Ph.B.,Marquette University,1936,None
